brand,model,top_speed_kmh,battery_capacity_kWh,number_of_cells,torque_nm,efficiency_wh_per_km,range_km,acceleration_0_100_s,fast_charging_power_kw_dc,fast_charge_port,towing_capacity_kg,cargo_volume_l,seats,drivetrain,segment,length_mm,width_mm,height_mm,car_body_type,source_url
Abarth,500e Convertible,155,37.8,192.0,235.0,156,225,7.0,67.0,CCS,0.0,185.0,4,FWD,B - Compact,3673,1683,1518,Hatchback,https://ev-database.org/car/1904/Abarth-500e-Convertible
Abarth,500e Hatchback,155,37.8,192.0,235.0,149,225,7.0,67.0,CCS,0.0,185.0,4,FWD,B - Compact,3673,1683,1518,Hatchback,https://ev-database.org/car/1903/Abarth-500e-Hatchback
Abarth,600e Scorpionissima,200,50.8,102.0,345.0,158,280,5.9,79.0,CCS,0.0,360.0,5,FWD,JB - Compact,4187,1779,1557,SUV,https://ev-database.org/car/3057/Abarth-600e-Scorpionissima
Abarth,600e Turismo,200,50.8,102.0,345.0,158,280,6.2,79.0,CCS,0.0,360.0,5,FWD,JB - Compact,4187,1779,1557,SUV,https://ev-database.org/car/3056/Abarth-600e-Turismo
Aiways,U5,150,60.0,216.0,310.0,156,315,7.5,78.0,CCS,1000.0,496.0,5,FWD,JC - Medium,4680,1865,1700,SUV,https://ev-database.org/car/1678/Aiways-U5
Aiways,U6,160,60.0,216.0,315.0,150,350,7.0,78.0,CCS,1000.0,472.0,5,FWD,JC - Medium,4805,1880,1641,SUV,https://ev-database.org/car/1766/Aiways-U6
Alfa,Romeo Junior Elettrica 54 kWh,150,50.8,102.0,260.0,128,320,9.0,85.0,CCS,0.0,400.0,5,FWD,JB - Compact,4173,1781,1532,SUV,https://ev-database.org/car/2184/Alfa-Romeo-Junior-Elettrica-54-kWh
Alfa,Romeo Junior Elettrica 54 kWh Veloce,200,50.8,102.0,345.0,164,310,6.0,85.0,CCS,0.0,400.0,5,FWD,JB - Compact,4173,1781,1505,SUV,https://ev-database.org/car/2185/Alfa-Romeo-Junior-Elettrica-54-kWh-Veloce
Alpine,A290 Electric 180 hp,160,52.0,184.0,285.0,138,310,7.4,70.0,CCS,500.0,326.0,5,FWD,B - Compact,3997,1823,1512,Hatchback,https://ev-database.org/car/2268/Alpine-A290-Electric-180-hp
Alpine,A290 Electric 220 hp,170,52.0,184.0,300.0,144,305,6.4,70.0,CCS,500.0,326.0,5,FWD,B - Compact,3997,1823,1512,Hatchback,https://ev-database.org/car/2269/Alpine-A290-Electric-220-hp
Audi,A6 Avant e-tron,210,75.8,150.0,435.0,146,465,6.0,150.0,CCS,2100.0,502.0,5,RWD,JE - Executive,4928,1923,1455,Station/Estate,https://ev-database.org/car/3055/Audi-A6-Avant-e-tron
Audi,A6 Avant e-tron performance,210,94.9,180.0,565.0,151,575,5.4,200.0,CCS,2100.0,502.0,5,RWD,JE - Executive,4928,1923,1455,Station/Estate,https://ev-database.org/car/2272/Audi-A6-Avant-e-tron-performance
Audi,A6 Avant e-tron quattro,210,94.9,180.0,855.0,157,560,4.5,200.0,CCS,2100.0,502.0,5,AWD,JE - Executive,4928,1923,1455,Station/Estate,https://ev-database.org/car/3054/Audi-A6-Avant-e-tron-quattro
Audi,A6 Sportback e-tron,210,75.8,150.0,435.0,136,495,6.0,150.0,CCS,2100.0,502.0,5,RWD,JE - Executive,4928,1923,1455,Liftback Sedan,https://ev-database.org/car/3053/Audi-A6-Sportback-e-tron
Audi,A6 Sportback e-tron performance,210,94.9,180.0,565.0,141,610,5.4,200.0,CCS,2100.0,502.0,5,RWD,JE - Executive,4928,1923,1455,Liftback Sedan,https://ev-database.org/car/2270/Audi-A6-Sportback-e-tron-performance
Audi,A6 Sportback e-tron quattro,210,94.9,180.0,855.0,147,590,4.7,200.0,CCS,2100.0,502.0,5,AWD,JE - Executive,4928,1923,1455,Liftback Sedan,https://ev-database.org/car/3052/Audi-A6-Sportback-e-tron-quattro
Audi,Q4 Sportback e-tron 40,160,59.0,216.0,310.0,156,340,8.1,110.0,CCS,1000.0,520.0,5,RWD,JC - Medium,4588,1865,1614,SUV,https://ev-database.org/car/3149/Audi-Q4-Sportback-e-tron-40
Audi,Q4 Sportback e-tron 45,180,77.0,288.0,545.0,162,435,6.7,120.0,CCS,1000.0,535.0,5,RWD,JC - Medium,4588,1865,1614,SUV,https://ev-database.org/car/2016/Audi-Q4-Sportback-e-tron-45
Audi,Q4 Sportback e-tron 45 quattro,180,77.0,288.0,679.0,165,410,6.6,120.0,CCS,1200.0,535.0,5,AWD,JC - Medium,4588,1865,1614,SUV,https://ev-database.org/car/2017/Audi-Q4-Sportback-e-tron-45-quattro
Audi,Q4 Sportback e-tron 55 quattro,180,77.0,288.0,679.0,165,415,5.4,120.0,CCS,1200.0,535.0,5,AWD,JC - Medium,4588,1865,1614,SUV,https://ev-database.org/car/2018/Audi-Q4-Sportback-e-tron-55-quattro
Audi,Q4 e-tron 40,160,59.0,216.0,310.0,159,325,8.1,110.0,CCS,1000.0,520.0,5,RWD,JC - Medium,4588,1865,1632,SUV,https://ev-database.org/car/3148/Audi-Q4-e-tron-40
Audi,Q4 e-tron 45,180,77.0,288.0,545.0,169,420,6.7,120.0,CCS,1000.0,520.0,5,RWD,JC - Medium,4588,1865,1632,SUV,https://ev-database.org/car/2013/Audi-Q4-e-tron-45
Audi,Q4 e-tron 45 quattro,180,77.0,288.0,679.0,171,395,6.6,120.0,CCS,1200.0,520.0,5,AWD,JC - Medium,4588,1865,1632,SUV,https://ev-database.org/car/2014/Audi-Q4-e-tron-45-quattro
Audi,Q4 e-tron 55 quattro,180,77.0,288.0,679.0,171,395,5.4,120.0,CCS,1200.0,520.0,5,AWD,JC - Medium,4588,1865,1632,SUV,https://ev-database.org/car/2015/Audi-Q4-e-tron-55-quattro
Audi,Q6 e-tron,210,75.8,150.0,450.0,166,395,7.0,150.0,CCS,2000.0,526.0,5,RWD,JD - Large,4771,1939,1685,SUV,https://ev-database.org/car/2281/Audi-Q6-e-tron
Audi,Q6 e-tron Sportback,210,75.8,150.0,450.0,139,410,7.0,150.0,CCS,2000.0,511.0,5,RWD,JD - Large,4771,1939,1665,SUV,https://ev-database.org/car/3041/Audi-Q6-e-tron-Sportback
Audi,Q6 e-tron Sportback performance,210,94.9,180.0,485.0,145,510,6.6,190.0,CCS,2000.0,511.0,5,RWD,JD - Large,4771,1939,1665,SUV,https://ev-database.org/car/3042/Audi-Q6-e-tron-Sportback-performance
Audi,Q6 e-tron Sportback quattro,210,94.9,180.0,855.0,149,500,5.9,200.0,CCS,2400.0,511.0,5,AWD,JD - Large,4771,1939,1665,SUV,https://ev-database.org/car/3043/Audi-Q6-e-tron-Sportback-quattro
Audi,Q6 e-tron performance,210,94.9,180.0,485.0,171,490,6.6,190.0,CCS,2000.0,526.0,5,RWD,JD - Large,4771,1939,1685,SUV,https://ev-database.org/car/2215/Audi-Q6-e-tron-performance
Audi,Q6 e-tron quattro,210,94.9,180.0,855.0,176,480,5.9,200.0,CCS,2400.0,470.0,5,AWD,JD - Large,4771,1939,1685,SUV,https://ev-database.org/car/2146/Audi-Q6-e-tron-quattro
Audi,S6 Avant e-tron,240,94.9,180.0,855.0,156,530,3.9,200.0,CCS,2100.0,502.0,5,AWD,JE - Executive,4928,1923,1493,Station/Estate,https://ev-database.org/car/2273/Audi-S6-Avant-e-tron
Audi,S6 Sportback e-tron,240,94.9,180.0,855.0,149,555,3.9,200.0,CCS,2100.0,502.0,5,AWD,JE - Executive,4928,1923,1465,Liftback Sedan,https://ev-database.org/car/2271/Audi-S6-Sportback-e-tron
Audi,SQ6 e-tron,230,94.9,180.0,855.0,169,470,4.3,200.0,CCS,2400.0,514.0,5,AWD,JD - Large,4771,1965,1685,SUV,https://ev-database.org/car/2147/Audi-SQ6-e-tron
Audi,SQ6 e-tron Sportback,230,94.9,180.0,855.0,164,495,4.3,200.0,CCS,2400.0,511.0,5,AWD,JD - Large,4771,1965,1665,SUV,https://ev-database.org/car/3044/Audi-SQ6-e-tron-Sportback
Audi,e-tron GT RS,250,97.0,396.0,865.0,184,525,2.8,281.0,CCS,0.0,350.0,4,AWD,F - Luxury,4997,1964,1389,Sedan,https://ev-database.org/car/2220/Audi-e-tron-GT-RS
Audi,e-tron GT RS performance,250,97.0,396.0,1027.0,182,525,2.5,281.0,CCS,0.0,350.0,4,AWD,F - Luxury,4997,1964,1389,Sedan,https://ev-database.org/car/2221/Audi-e-tron-GT-RS-performance
Audi,e-tron GT S,245,97.0,396.0,740.0,172,540,3.4,281.0,CCS,0.0,405.0,4,AWD,F - Luxury,5004,1964,1394,Sedan,https://ev-database.org/car/2219/Audi-e-tron-GT-S
Audi,e-tron GT quattro,245,97.0,396.0,625.0,169,540,4.0,281.0,CCS,0.0,405.0,4,AWD,F - Luxury,5004,1964,1394,Sedan,https://ev-database.org/car/3182/Audi-e-tron-GT-quattro
BMW,i4 M50,225,81.3,216.0,795.0,197,450,3.9,131.0,CCS,1600.0,470.0,5,AWD,D - Large,4783,1852,1448,Liftback Sedan,https://ev-database.org/car/2201/BMW-i4-M50
BMW,i4 eDrive35,190,67.1,216.0,400.0,174,430,6.0,95.0,CCS,1600.0,470.0,5,RWD,D - Large,4783,1852,1448,Liftback Sedan,https://ev-database.org/car/2198/BMW-i4-eDrive35
BMW,i4 eDrive40,190,81.3,216.0,430.0,174,515,5.6,131.0,CCS,1600.0,470.0,5,RWD,D - Large,4783,1852,1448,Liftback Sedan,https://ev-database.org/car/2199/BMW-i4-eDrive40
BMW,i4 xDrive40,200,81.3,216.0,600.0,183,490,5.1,131.0,CCS,1600.0,470.0,5,AWD,D - Large,4783,1852,1448,Liftback Sedan,https://ev-database.org/car/2200/BMW-i4-xDrive40
BMW,i5 M60 xDrive Sedan (MY25),230,81.2,216.0,795.0,172,430,3.8,136.0,CCS,2000.0,490.0,5,AWD,E - Executive,5060,1900,1505,Sedan,https://ev-database.org/car/3114/BMW-i5-M60-xDrive-Sedan
BMW,i5 M60 xDrive Touring (MY25),230,81.2,216.0,795.0,179,425,3.9,136.0,CCS,2000.0,570.0,5,AWD,E - Executive,5060,1900,1505,Station/Estate,https://ev-database.org/car/3117/BMW-i5-M60-xDrive-Touring
BMW,i5 eDrive40 Sedan (MY25),193,81.2,216.0,400.0,159,480,6.0,136.0,CCS,1500.0,490.0,5,RWD,E - Executive,5060,1900,1515,Sedan,https://ev-database.org/car/3112/BMW-i5-eDrive40-Sedan
BMW,i5 eDrive40 Touring (MY25),193,81.2,216.0,400.0,165,465,6.1,136.0,CCS,1500.0,570.0,5,RWD,E - Executive,5060,1900,1515,Station/Estate,https://ev-database.org/car/3115/BMW-i5-eDrive40-Touring
BMW,i5 xDrive40 Sedan (MY25),215,81.2,216.0,590.0,167,465,5.4,136.0,CCS,2000.0,490.0,5,AWD,E - Executive,5060,1900,1515,Sedan,https://ev-database.org/car/3113/BMW-i5-xDrive40-Sedan
BMW,i5 xDrive40 Touring (MY25),215,81.2,216.0,590.0,174,450,5.5,136.0,CCS,2000.0,570.0,5,AWD,E - Executive,5060,1900,1515,Station/Estate,https://ev-database.org/car/3116/BMW-i5-xDrive40-Touring
BMW,i7 M70 xDrive,250,101.7,216.0,1100.0,208,490,3.7,159.0,CCS,0.0,500.0,5,AWD,F - Luxury,5391,1950,1544,Sedan,https://ev-database.org/car/1838/BMW-i7-M70-xDrive
BMW,i7 eDrive50,205,101.7,216.0,650.0,177,520,5.5,159.0,CCS,0.0,500.0,5,RWD,F - Luxury,5391,1950,1544,Sedan,https://ev-database.org/car/1905/BMW-i7-eDrive50
BMW,i7 xDrive60,240,101.7,216.0,745.0,172,510,4.7,159.0,CCS,2000.0,500.0,5,AWD,F - Luxury,5391,1950,1544,Sedan,https://ev-database.org/car/1676/BMW-i7-xDrive60
BMW,iX M70 xDrive,250,108.9,216.0,1015.0,209,500,3.8,150.0,CCS,2500.0,500.0,5,AWD,JE - Executive,4965,1970,1695,SUV,https://ev-database.org/car/3111/BMW-iX-M70-xDrive
BMW,iX xDrive45,200,94.8,216.0,700.0,193,470,5.1,115.0,CCS,2500.0,500.0,5,AWD,JE - Executive,4965,1970,1695,SUV,https://ev-database.org/car/3109/BMW-iX-xDrive45
BMW,iX xDrive60,200,109.1,216.0,765.0,194,525,4.6,150.0,CCS,2500.0,500.0,5,AWD,JE - Executive,4965,1970,1695,SUV,https://ev-database.org/car/3110/BMW-iX-xDrive60
BMW,iX1 eDrive20,170,64.7,216.0,247.0,150,390,8.3,94.0,CCS,750.0,490.0,5,FWD,JC - Medium,4500,1845,1616,SUV,https://ev-database.org/car/1996/BMW-iX1-eDrive20
BMW,iX1 xDrive30,180,64.7,216.0,494.0,155,380,5.6,94.0,CCS,1200.0,490.0,5,AWD,JC - Medium,4500,1845,1616,SUV,https://ev-database.org/car/1701/BMW-iX1-xDrive30
BMW,iX2 eDrive20,170,64.7,216.0,247.0,147,395,8.6,94.0,CCS,750.0,525.0,5,FWD,JC - Medium,4554,1845,1560,SUV,https://ev-database.org/car/2097/BMW-iX2-eDrive20
BMW,iX2 xDrive30,180,64.7,216.0,494.0,155,385,5.6,94.0,CCS,1200.0,525.0,5,AWD,JC - Medium,4554,1845,1560,SUV,https://ev-database.org/car/2040/BMW-iX2-xDrive30
BYD,ATTO 2,160,45.1,216.0,290.0,145,245,7.9,51.0,CCS,750.0,400.0,5,FWD,JB - Compact,4310,1830,1675,SUV,https://ev-database.org/car/3125/BYD-ATTO-2
BYD,ATTO 3 (MY25),160,60.5,126.0,310.0,144,340,7.3,75.0,CCS,750.0,440.0,5,FWD,JC - Medium,4455,1875,1615,SUV,https://ev-database.org/car/3192/BYD-ATTO-3
BYD,DOLPHIN 44.9 kWh Active,150,44.9,104.0,180.0,132,265,12.3,50.0,CCS,0.0,345.0,5,FWD,C - Medium,4290,1770,1570,Hatchback,https://ev-database.org/car/1917/BYD-DOLPHIN-449-kWh-Active
BYD,DOLPHIN 44.9 kWh Boost,160,44.9,104.0,430.0,145,260,8.0,50.0,CCS,0.0,345.0,5,FWD,C - Medium,4290,1770,1570,Hatchback,https://ev-database.org/car/1918/BYD-DOLPHIN-449-kWh-Boost
BYD,DOLPHIN 60.4 kWh,160,60.5,126.0,310.0,142,350,7.0,65.0,CCS,0.0,345.0,5,FWD,C - Medium,4290,1770,1570,Hatchback,https://ev-database.org/car/1919/BYD-DOLPHIN-604-kWh
BYD,DOLPHIN SURF 30 kWh Active,150,30.0,94.0,175.0,136,190,11.1,45.0,CCS,0.0,308.0,4,FWD,B - Compact,3990,1720,1590,Hatchback,https://ev-database.org/car/3193/BYD-DOLPHIN-SURF-30-kWh-Active
BYD,DOLPHIN SURF 43.2 kWh Boost,150,43.2,90.0,175.0,134,270,12.1,60.0,CCS,0.0,308.0,4,FWD,B - Compact,3990,1720,1590,Hatchback,https://ev-database.org/car/3194/BYD-DOLPHIN-SURF-432-kWh-Boost
BYD,DOLPHIN SURF 43.2 kWh Comfort,150,43.2,90.0,220.0,139,265,9.1,60.0,CCS,0.0,308.0,4,FWD,B - Compact,3990,1720,1590,Hatchback,https://ev-database.org/car/3195/BYD-DOLPHIN-SURF-432-kWh-Comfort
BYD,SEAL 61.4 kWh RWD Comfort,220,61.4,128.0,380.0,133,365,7.5,75.0,CCS,750.0,400.0,5,RWD,D - Large,4800,1875,1460,Sedan,https://ev-database.org/car/3102/BYD-SEAL-614-kWh-RWD-Comfort
BYD,SEAL 82.5 kWh AWD Excellence,180,82.5,172.0,670.0,159,445,3.8,100.0,CCS,1500.0,400.0,5,AWD,D - Large,4800,1875,1460,Sedan,https://ev-database.org/car/2002/BYD-SEAL-825-kWh-AWD-Excellence
BYD,SEAL 82.5 kWh RWD Design,180,82.5,172.0,360.0,145,480,5.9,100.0,CCS,750.0,400.0,5,RWD,D - Large,4800,1875,1460,Sedan,https://ev-database.org/car/2001/BYD-SEAL-825-kWh-RWD-Design
BYD,SEAL U 71.8 kWh Comfort,175,71.8,132.0,310.0,171,360,9.3,72.0,CCS,1300.0,552.0,5,FWD,JD - Large,4785,1890,1668,SUV,https://ev-database.org/car/2094/BYD-SEAL-U-718-kWh-Comfort
BYD,SEAL U 87 kWh Design,175,87.0,160.0,330.0,174,425,9.6,85.0,CCS,1300.0,552.0,5,FWD,JD - Large,4785,1890,1668,SUV,https://ev-database.org/car/2067/BYD-SEAL-U-87-kWh-Design
BYD,SEALION 7 82.5 kWh AWD Design,215,82.5,172.0,690.0,181,400,4.5,115.0,CCS,1500.0,520.0,5,AWD,JD - Large,4830,1925,1620,SUV,https://ev-database.org/car/3071/BYD-SEALION-7-825-kWh-AWD-Design
BYD,SEALION 7 82.5 kWh RWD Comfort,215,82.5,172.0,380.0,171,415,6.7,115.0,CCS,750.0,520.0,5,RWD,JD - Large,4830,1925,1620,SUV,https://ev-database.org/car/3070/BYD-SEALION-7-825-kWh-RWD-Comfort
BYD,SEALION 7 91.3 kWh AWD Excellence,215,91.3,216.0,690.0,182,430,4.5,165.0,CCS,1500.0,520.0,5,AWD,JD - Large,4830,1925,1620,SUV,https://ev-database.org/car/3072/BYD-SEALION-7-913-kWh-AWD-Excellence
BYD,TANG Flagship,190,108.8,216.0,700.0,205,460,4.9,100.0,CCS,1500.0,235.0,7,AWD,JE - Executive,4970,1955,1745,SUV,https://ev-database.org/car/2095/BYD-TANG-Flagship
CUPRA,Born 170 kW - 59 kWh,160,59.0,216.0,310.0,156,360,6.7,110.0,CCS,0.0,385.0,5,RWD,C - Medium,4322,1809,1540,Hatchback,https://ev-database.org/car/2233/CUPRA-Born-170-kW---59-kWh
CUPRA,Born 170 kW - 77 kWh,160,77.0,288.0,310.0,157,460,7.0,125.0,CCS,0.0,385.0,5,RWD,C - Medium,4322,1809,1540,Hatchback,https://ev-database.org/car/2234/CUPRA-Born-170-kW---77-kWh
CUPRA,Born VZ,200,79.0,288.0,545.0,149,465,5.6,135.0,CCS,0.0,385.0,5,RWD,C - Medium,4322,1809,1538,Hatchback,https://ev-database.org/car/2128/CUPRA-Born-VZ
CUPRA,Tavascan Endurance,180,77.0,288.0,545.0,142,445,6.8,120.0,CCS,1000.0,540.0,5,RWD,JC - Medium,4644,1861,1597,SUV,https://ev-database.org/car/1971/CUPRA-Tavascan-Endurance
CUPRA,Tavascan VZ,180,77.0,288.0,545.0,150,425,5.5,120.0,CCS,1200.0,540.0,5,AWD,JC - Medium,4644,1861,1597,SUV,https://ev-database.org/car/1972/CUPRA-Tavascan-VZ
Cadillac,Lyriq 600 E4,210,102.0,288.0,610.0,192,460,5.3,165.0,CCS,1587.0,793.0,5,AWD,JF - Luxury,5005,1977,1623,SUV,https://ev-database.org/car/2243/Cadillac-Lyriq-600-E4
Citroen,e-Berlingo M 50 kWh,132,50.0,216.0,260.0,149,235,11.7,80.0,CCS,750.0,775.0,5,FWD,N - Passenger Van,4403,1921,1803,Small Passenger Van,https://ev-database.org/car/2159/Citroen-e-Berlingo-M-50-kWh
Citroen,e-Berlingo XL 50 kWh,132,50.0,216.0,260.0,149,230,11.7,80.0,CCS,750.0,1050.0,7,FWD,N - Passenger Van,4753,1921,1814,Small Passenger Van,https://ev-database.org/car/2160/Citroen-e-Berlingo-XL-50-kWh
Citroen,e-C3,135,44.0,216.0,120.0,135,255,11.5,60.0,CCS,550.0,310.0,5,FWD,B - Compact,4015,1755,1577,Hatchback,https://ev-database.org/car/2039/Citroen-e-C3
Citroen,e-C3 Aircross,145,44.0,216.0,125.0,144,240,12.9,60.0,CCS,350.0,460.0,5,FWD,JB - Compact,4395,1795,1660,SUV,https://ev-database.org/car/2224/Citroen-e-C3-Aircross
Citroen,e-C4,150,46.3,216.0,260.0,135,285,9.9,78.0,CCS,0.0,380.0,5,FWD,C - Medium,4360,1834,1525,Hatchback,https://ev-database.org/car/3047/Citroen-e-C4
Citroen,e-C4 54 kWh,150,50.8,102.0,260.0,122,325,9.1,78.0,CCS,0.0,380.0,5,FWD,C - Medium,4360,1834,1525,Hatchback,https://ev-database.org/car/3048/Citroen-e-C4-54-kWh
Citroen,e-C4 X,150,46.3,216.0,260.0,132,290,9.9,78.0,CCS,0.0,510.0,5,FWD,C - Medium,4600,1834,1525,Sedan,https://ev-database.org/car/3049/Citroen-e-C4-X
Citroen,e-C4 X 54 kWh,150,50.8,102.0,260.0,119,335,9.1,78.0,CCS,0.0,510.0,5,FWD,C - Medium,4600,1834,1525,Sedan,https://ev-database.org/car/3050/Citroen-e-C4-X-54-kWh
Citroen,e-SpaceTourer M 50 kWh,130,46.3,216.0,220.0,217,180,13.3,78.0,CCS,1000.0,603.0,9,FWD,N - Passenger Van,4983,1920,1890,Small Passenger Van,https://ev-database.org/car/2252/Citroen-e-SpaceTourer-M-50-kWh
Citroen,e-SpaceTourer M 75 kWh,130,68.0,324.0,220.0,202,260,14.2,79.0,CCS,1000.0,603.0,9,FWD,N - Passenger Van,4983,1920,1890,Small Passenger Van,https://ev-database.org/car/2254/Citroen-e-SpaceTourer-M-75-kWh
Citroen,e-SpaceTourer XL 50 kWh,130,46.3,216.0,220.0,219,180,13.3,78.0,CCS,1000.0,989.0,9,FWD,N - Passenger Van,5333,1920,1890,Small Passenger Van,https://ev-database.org/car/2253/Citroen-e-SpaceTourer-XL-50-kWh
Citroen,e-SpaceTourer XL 75 kWh,130,68.0,324.0,220.0,204,260,14.2,79.0,CCS,1000.0,989.0,9,FWD,N - Passenger Van,5333,1920,1890,Small Passenger Van,https://ev-database.org/car/2255/Citroen-e-SpaceTourer-XL-75-kWh
DS,3 E-Tense,150,50.8,102.0,260.0,128,300,9.0,85.0,CCS,0.0,350.0,5,FWD,JB - Compact,4118,1802,1534,SUV,https://ev-database.org/car/1791/DS-3-E-Tense
DS,N째4 E-Tense,160,58.3,216.0,345.0,130,375,7.1,70.0,CCS,0.0,390.0,5,FWD,JC - Medium,4400,1866,1470,Hatchback,https://ev-database.org/car/3200/DS-N4-E-Tense
DS,N째8 AWD Long Range,190,97.2,216.0,511.0,146,530,5.4,130.0,CCS,1400.0,620.0,5,AWD,JD - Large,4834,1920,1574,SUV,https://ev-database.org/car/3078/DS-N8-AWD-Long-Range
DS,N째8 FWD,190,73.7,216.0,345.0,141,415,7.7,100.0,CCS,1260.0,620.0,5,FWD,JD - Large,4834,1920,1574,SUV,https://ev-database.org/car/3076/DS-N8-FWD
DS,N째8 FWD Long Range,190,97.2,216.0,345.0,136,545,7.8,130.0,CCS,1200.0,620.0,5,FWD,JD - Large,4834,1920,1574,SUV,https://ev-database.org/car/3077/DS-N8-FWD-Long-Range
Dacia,Spring Electric 45,125,25.0,72.0,125.0,109,165,19.1,29.0,CCS,0.0,308.0,4,FWD,A - Mini,3700,1622,1516,Hatchback,https://ev-database.org/car/2126/Dacia-Spring-Electric-45
Dacia,Spring Electric 65,125,25.0,72.0,113.0,114,160,13.7,29.0,CCS,0.0,308.0,4,FWD,A - Mini,3700,1622,1516,Hatchback,https://ev-database.org/car/2127/Dacia-Spring-Electric-65
Dongfeng,Box 31.4 kWh,140,29.0,216.0,160.0,126,190,12.5,50.0,CCS,1000.0,326.0,5,FWD,B - Compact,4020,1810,1570,Hatchback,https://ev-database.org/car/3035/Dongfeng-Box-314-kWh
Dongfeng,Box 42.3 kWh,140,40.0,216.0,160.0,129,255,12.5,51.0,CCS,1000.0,326.0,5,FWD,B - Compact,4020,1810,1570,Hatchback,https://ev-database.org/car/3036/Dongfeng-Box-423-kWh
Elaris,BEO 86 kWh,150,81.0,216.0,320.0,203,390,9.5,65.0,CCS,1000.0,467.0,5,FWD,JD - Large,4698,1908,1696,SUV,https://ev-database.org/car/1975/Elaris-BEO-86-kWh
Fiat,500e 3+1 24 kWh,135,21.3,108.0,220.0,112,135,9.0,40.0,CCS,0.0,185.0,4,FWD,B - Compact,3631,1683,1529,Hatchback,https://ev-database.org/car/1726/Fiat-500e-3plus1-24-kWh
Fiat,500e 3+1 42 kWh,150,37.3,192.0,220.0,122,235,9.0,67.0,CCS,0.0,185.0,4,FWD,B - Compact,3631,1683,1529,Hatchback,https://ev-database.org/car/1328/Fiat-500e-3plus1-42-kWh
Fiat,500e Cabrio 24 kWh,135,21.3,108.0,220.0,112,135,9.0,40.0,CCS,0.0,185.0,4,FWD,B - Compact,3631,1683,1529,Cabriolet,https://ev-database.org/car/1727/Fiat-500e-Cabrio-24-kWh
Fiat,500e Cabrio 42 kWh,150,37.3,192.0,220.0,125,230,9.0,67.0,CCS,0.0,185.0,4,FWD,B - Compact,3631,1683,1529,Cabriolet,https://ev-database.org/car/1275/Fiat-500e-Cabrio-42-kWh
Fiat,500e Hatchback 24 kWh,135,21.3,108.0,220.0,112,135,9.0,40.0,CCS,0.0,185.0,4,FWD,B - Compact,3631,1683,1529,Hatchback,https://ev-database.org/car/1327/Fiat-500e-Hatchback-24-kWh
Fiat,500e Hatchback 42 kWh,150,37.3,192.0,220.0,118,235,9.0,67.0,CCS,0.0,185.0,4,FWD,B - Compact,3631,1683,1529,Hatchback,https://ev-database.org/car/1285/Fiat-500e-Hatchback-42-kWh
Fiat,600e,150,50.8,102.0,260.0,124,310,9.0,79.0,CCS,0.0,360.0,5,FWD,JB - Compact,4171,1781,1523,SUV,https://ev-database.org/car/1945/Fiat-600e
Fiat,Grande Panda,132,43.8,216.0,122.0,136,260,11.0,60.0,CCS,550.0,361.0,5,FWD,B - Compact,3999,1763,1570,Hatchback,https://ev-database.org/car/2251/Fiat-Grande-Panda
Ford,Capri Extended Range AWD,180,79.0,288.0,679.0,148,455,5.3,135.0,CCS,1200.0,572.0,5,AWD,D - Large,4643,1872,1626,Liftback Sedan,https://ev-database.org/car/2242/Ford-Capri-Extended-Range-AWD
Ford,Capri Extended Range RWD,180,77.0,288.0,545.0,135,455,6.4,120.0,CCS,1000.0,572.0,5,RWD,D - Large,4643,1872,1626,Liftback Sedan,https://ev-database.org/car/2241/Ford-Capri-Extended-Range-RWD
Ford,Capri Standard Range RWD,160,52.0,192.0,310.0,163,320,9.0,85.0,CCS,1000.0,572.0,5,RWD,D - Large,4643,1872,1626,Liftback Sedan,https://ev-database.org/car/2240/Ford-Capri-Standard-Range-RWD
Ford,Explorer Extended Range AWD,180,79.0,288.0,679.0,153,440,5.3,135.0,CCS,1200.0,536.0,5,AWD,JC - Medium,4468,1871,1639,SUV,https://ev-database.org/car/2169/Ford-Explorer-Extended-Range-AWD
Ford,Explorer Extended Range RWD,180,77.0,288.0,545.0,139,435,6.4,120.0,CCS,1000.0,536.0,5,RWD,JC - Medium,4468,1871,1630,SUV,https://ev-database.org/car/2168/Ford-Explorer-Extended-Range-RWD
Ford,Explorer Standard Range RWD,160,52.0,192.0,310.0,137,305,8.7,85.0,CCS,1000.0,536.0,5,RWD,JC - Medium,4468,1871,1630,SUV,https://ev-database.org/car/2167/Ford-Explorer-Standard-Range-RWD
Ford,Mustang Mach-E ER AWD (MY25),180,88.0,216.0,675.0,160,435,4.8,105.0,CCS,1500.0,519.0,5,AWD,JD - Large,4713,1881,1624,SUV,https://ev-database.org/car/3189/Ford-Mustang-Mach-E-ER-AWD
Ford,Mustang Mach-E ER AWD (MY24),180,91.0,376.0,675.0,165,445,4.6,115.0,CCS,1500.0,519.0,5,AWD,JD - Large,4713,1881,1624,SUV,https://ev-database.org/car/2279/Ford-Mustang-Mach-E-ER-AWD
Ford,Mustang Mach-E ER RWD (MY25),180,88.0,216.0,525.0,147,475,6.1,105.0,CCS,1500.0,519.0,5,RWD,JD - Large,4713,1881,1624,SUV,https://ev-database.org/car/3188/Ford-Mustang-Mach-E-ER-RWD
Ford,Mustang Mach-E ER RWD (MY24),180,91.0,376.0,525.0,152,480,5.9,115.0,CCS,1500.0,519.0,5,RWD,JD - Large,4713,1881,1624,SUV,https://ev-database.org/car/2278/Ford-Mustang-Mach-E-ER-RWD
Ford,Mustang Mach-E GT (MY24),200,91.0,376.0,950.0,177,425,3.8,115.0,CCS,750.0,519.0,5,AWD,JD - Large,4743,1881,1613,SUV,https://ev-database.org/car/2280/Ford-Mustang-Mach-E-GT
Ford,Mustang Mach-E GT (MY25),200,91.0,376.0,950.0,177,435,3.8,115.0,CCS,750.0,519.0,5,AWD,JD - Large,4743,1881,1613,SUV,https://ev-database.org/car/3190/Ford-Mustang-Mach-E-GT
Ford,Mustang Mach-E Rally (MY25),200,91.0,376.0,950.0,178,415,3.9,115.0,CCS,750.0,519.0,5,AWD,JD - Large,4743,1881,1633,SUV,https://ev-database.org/car/3191/Ford-Mustang-Mach-E-Rally
Ford,Mustang Mach-E Rally (MY24),200,91.0,376.0,950.0,178,410,3.9,115.0,CCS,750.0,519.0,5,AWD,JD - Large,4743,1881,1633,SUV,https://ev-database.org/car/2275/Ford-Mustang-Mach-E-Rally
Ford,Mustang Mach-E SR RWD (MY24),180,72.6,216.0,525.0,154,385,6.2,100.0,CCS,750.0,519.0,5,RWD,JD - Large,4713,1881,1624,SUV,https://ev-database.org/car/2277/Ford-Mustang-Mach-E-SR-RWD
Ford,Mustang Mach-E SR RWD (MY25),180,72.6,216.0,525.0,154,380,6.2,100.0,CCS,750.0,519.0,5,RWD,JD - Large,4713,1881,1624,SUV,https://ev-database.org/car/3187/Ford-Mustang-Mach-E-SR-RWD
Ford,Puma Gen-E,160,43.6,216.0,290.0,126,275,8.0,85.0,CCS,750.0,523.0,5,FWD,JB - Compact,4214,1805,1555,SUV,https://ev-database.org/car/3073/Ford-Puma-Gen-E
Ford,e-Tourneo Courier,145,43.6,216.0,290.0,164,200,11.0,80.0,CCS,750.0,470.0,5,FWD,N - Passenger Van,4337,1876,1817,Small Passenger Van,https://ev-database.org/car/3166/Ford-e-Tourneo-Courier
Ford,e-Tourneo Custom L1 160 kW,130,64.0,216.0,415.0,370,235,9.0,70.0,CCS,2000.0,672.0,8,RWD,N - Passenger Van,5050,1999,1959,Small Passenger Van,https://ev-database.org/car/3162/Ford-e-Tourneo-Custom-L1-160-kW
Ford,e-Tourneo Custom L1 210 kW,130,64.0,216.0,415.0,370,235,8.0,70.0,CCS,2000.0,672.0,8,RWD,N - Passenger Van,5050,1999,1959,Small Passenger Van,https://ev-database.org/car/3163/Ford-e-Tourneo-Custom-L1-210-kW
Ford,e-Tourneo Custom L2 160 kW,150,64.0,216.0,415.0,370,235,9.0,70.0,CCS,2000.0,672.0,8,RWD,N - Passenger Van,5908,1999,1959,Small Passenger Van,https://ev-database.org/car/3164/Ford-e-Tourneo-Custom-L2-160-kW
Ford,e-Tourneo Custom L2 210 kW,150,64.0,216.0,415.0,370,235,8.0,70.0,CCS,2000.0,672.0,8,RWD,N - Passenger Van,5908,1999,1959,Small Passenger Van,https://ev-database.org/car/3165/Ford-e-Tourneo-Custom-L2-210-kW
GWM,ORA 03 48 kWh,160,45.4,216.0,250.0,146,260,8.3,45.0,CCS,0.0,228.0,5,FWD,C - Medium,4235,1825,1603,Hatchback,https://ev-database.org/car/2091/GWM-ORA-03-48-kWh
GWM,ORA 03 63 kWh,160,59.3,216.0,250.0,141,340,8.2,56.0,CCS,0.0,228.0,5,FWD,C - Medium,4235,1825,1603,Hatchback,https://ev-database.org/car/2092/GWM-ORA-03-63-kWh
GWM,ORA 03 GT,160,59.3,216.0,250.0,148,325,8.2,56.0,CCS,0.0,228.0,5,FWD,C - Medium,4254,1848,1603,Hatchback,https://ev-database.org/car/2093/GWM-ORA-03-GT
GWM,ORA 07 GT,180,83.5,216.0,680.0,161,430,4.5,80.0,CCS,0.0,333.0,5,AWD,D - Large,4871,1862,1500,Sedan,https://ev-database.org/car/2247/GWM-ORA-07-GT
GWM,ORA 07 Pro,170,64.3,216.0,340.0,146,350,8.2,75.0,CCS,0.0,333.0,5,FWD,D - Large,4871,1862,1500,Sedan,https://ev-database.org/car/2246/GWM-ORA-07-Pro
GWM,ORA 07 Pure,170,64.3,216.0,340.0,146,350,8.2,75.0,CCS,0.0,333.0,5,FWD,D - Large,4871,1862,1500,Sedan,https://ev-database.org/car/2245/GWM-ORA-07-Pure
Genesis,G80 Electrified Luxury,225,82.5,216.0,700.0,159,440,4.9,160.0,CCS,1000.0,354.0,5,AWD,F - Luxury,5005,1925,1470,Sedan,https://ev-database.org/car/1703/Genesis-G80-Electrified-Luxury
Genesis,GV60 Premium,185,74.0,384.0,350.0,143,390,7.8,200.0,CCS,1600.0,432.0,5,RWD,JC - Medium,4515,1890,1580,SUV,https://ev-database.org/car/1647/Genesis-GV60-Premium
Genesis,GV60 Sport,200,74.0,384.0,605.0,157,375,5.5,200.0,CCS,1600.0,432.0,5,AWD,JC - Medium,4515,1890,1580,SUV,https://ev-database.org/car/1648/Genesis-GV60-Sport
Genesis,GV60 Sport Plus,235,74.0,384.0,700.0,159,360,4.0,200.0,CCS,1600.0,432.0,5,AWD,JC - Medium,4515,1890,1580,SUV,https://ev-database.org/car/1649/Genesis-GV60-Sport-Plus
Genesis,GV70 Electrified Sport,235,74.0,384.0,700.0,163,350,4.2,190.0,CCS,1800.0,503.0,5,AWD,JD - Large,4715,1910,1630,SUV,https://ev-database.org/car/1725/Genesis-GV70-Electrified-Sport
Honda,e:Ny1,160,61.9,216.0,310.0,150,335,7.6,60.0,CCS,0.0,361.0,5,FWD,JB - Compact,4387,1790,1584,SUV,https://ev-database.org/car/1940/Honda-eNy1
Hongqi,E-HS9 120 kWh,200,112.0,216.0,750.0,217,455,4.9,110.0,CCS,1500.0,438.0,5,AWD,JF - Luxury,5209,2010,1731,SUV,https://ev-database.org/car/2050/Hongqi-E-HS9-120-kWh
Hongqi,E-HS9 84 kWh,200,76.5,216.0,600.0,193,320,6.5,112.0,CCS,1500.0,438.0,5,AWD,JF - Luxury,5209,2010,1731,SUV,https://ev-database.org/car/1746/Hongqi-E-HS9-84-kWh
Hongqi,E-HS9 99 kWh,200,90.0,216.0,750.0,194,370,4.9,112.0,CCS,1500.0,438.0,5,AWD,JF - Luxury,5209,2010,1731,SUV,https://ev-database.org/car/1747/Hongqi-E-HS9-99-kWh
Hyundai,INSTER Long Range,150,46.0,216.0,147.0,124,300,10.6,70.0,CCS,1000.0,280.0,4,FWD,JA - Mini,3825,1610,1575,SUV,https://ev-database.org/car/2231/Hyundai-INSTER-Long-Range
Hyundai,INSTER Standard Range,140,39.0,216.0,147.0,119,255,11.7,60.0,CCS,1000.0,280.0,4,FWD,JA - Mini,3825,1610,1575,SUV,https://ev-database.org/car/2230/Hyundai-INSTER-Standard-Range
Hyundai,IONIQ 5 63 kWh RWD (MY24),185,60.0,288.0,350.0,136,345,8.5,150.0,CCS,750.0,520.0,5,RWD,JC - Medium,4655,1890,1605,SUV,https://ev-database.org/car/2235/Hyundai-IONIQ-5-63-kWh-RWD
Hyundai,IONIQ 5 84 kWh AWD (MY24),185,80.0,384.0,605.0,162,445,5.3,205.0,CCS,1600.0,520.0,5,AWD,JC - Medium,4655,1890,1605,SUV,https://ev-database.org/car/2237/Hyundai-IONIQ-5-84-kWh-AWD
Hyundai,IONIQ 5 84 kWh RWD (MY24),185,80.0,384.0,350.0,155,450,7.5,205.0,CCS,1600.0,520.0,5,RWD,JC - Medium,4655,1890,1605,SUV,https://ev-database.org/car/2236/Hyundai-IONIQ-5-84-kWh-RWD
Hyundai,IONIQ 5 N (MY24),260,80.0,384.0,740.0,179,390,3.4,205.0,CCS,0.0,480.0,5,AWD,JC - Medium,4715,1940,1585,SUV,https://ev-database.org/car/2044/Hyundai-IONIQ-5-N
Hyundai,IONIQ 6 Long Range 2WD,185,74.0,384.0,350.0,136,495,7.4,200.0,CCS,1500.0,401.0,5,RWD,D - Large,4855,1880,1495,Sedan,https://ev-database.org/car/1718/Hyundai-IONIQ-6-Long-Range-2WD
Hyundai,IONIQ 6 Long Range AWD,185,74.0,384.0,605.0,143,440,5.1,200.0,CCS,1500.0,401.0,5,AWD,D - Large,4855,1880,1495,Sedan,https://ev-database.org/car/1719/Hyundai-IONIQ-6-Long-Range-AWD
Hyundai,IONIQ 6 Standard Range 2WD,185,50.0,264.0,350.0,117,335,8.8,120.0,CCS,750.0,401.0,5,RWD,D - Large,4855,1880,1495,Sedan,https://ev-database.org/car/1717/Hyundai-IONIQ-6-Standard-Range-2WD
Hyundai,IONIQ 9 Long Range AWD,200,106.0,216.0,605.0,177,490,6.7,195.0,CCS,2500.0,338.0,7,AWD,JF - Luxury,5060,1980,1790,SUV,https://ev-database.org/car/3068/Hyundai-IONIQ-9-Long-Range-AWD
Hyundai,IONIQ 9 Long Range RWD,185,106.0,216.0,350.0,171,500,9.4,195.0,CCS,1600.0,338.0,7,RWD,JF - Luxury,5060,1980,1790,SUV,https://ev-database.org/car/3067/Hyundai-IONIQ-9-Long-Range-RWD
Hyundai,IONIQ 9 Performance AWD,200,106.0,216.0,700.0,177,480,5.2,195.0,CCS,2500.0,338.0,7,AWD,JF - Luxury,5060,1980,1790,SUV,https://ev-database.org/car/3069/Hyundai-IONIQ-9-Performance-AWD
Hyundai,Kona Electric 48 kWh,160,48.4,216.0,255.0,128,295,8.8,50.0,CCS,300.0,466.0,5,FWD,JB - Compact,4355,1825,1575,SUV,https://ev-database.org/car/1829/Hyundai-Kona-Electric-48-kWh
Hyundai,Kona Electric 65 kWh,170,65.4,216.0,255.0,144,390,7.8,86.0,CCS,750.0,466.0,5,FWD,JB - Compact,4355,1825,1575,SUV,https://ev-database.org/car/1830/Hyundai-Kona-Electric-65-kWh
Jaguar,I-Pace EV400,200,84.7,432.0,696.0,208,380,4.8,85.0,CCS,750.0,505.0,5,AWD,JD - Large,4682,2011,1566,SUV,https://ev-database.org/car/1812/Jaguar-I-Pace-EV400
Jeep,Avenger Electric,150,50.8,102.0,260.0,132,310,9.0,85.0,CCS,0.0,355.0,5,FWD,JB - Compact,4084,1776,1528,SUV,https://ev-database.org/car/1816/Jeep-Avenger-Electric
Jeep,Compass Electric 74 kWh,180,74.0,216.0,345.0,148,370,8.5,90.0,CCS,1000.0,550.0,5,FWD,JC - Medium,4552,1928,1675,SUV,https://ev-database.org/car/3181/Jeep-Compass-Electric-74-kWh
KGM,Torres EVX,175,72.0,216.0,339.0,156,370,8.1,85.0,CCS,1500.0,839.0,5,FWD,JC - Medium,4715,1890,1725,SUV,https://ev-database.org/car/2189/KGM-Torres-EVX
Kia,EV3 Long Range,170,78.0,216.0,283.0,139,455,7.7,105.0,CCS,1000.0,460.0,5,FWD,JB - Compact,4300,1850,1560,SUV,https://ev-database.org/car/2212/Kia-EV3-Long-Range
Kia,EV3 Standard Range,170,55.0,216.0,283.0,133,325,7.5,80.0,CCS,300.0,460.0,5,FWD,JB - Compact,4300,1850,1560,SUV,https://ev-database.org/car/2211/Kia-EV3-Standard-Range
Kia,EV4 Hatchback Long Range,170,78.0,216.0,283.0,132,475,7.7,105.0,CCS,1000.0,435.0,5,FWD,C - Medium,4430,1860,1485,Hatchback,https://ev-database.org/car/3124/Kia-EV4-Hatchback-Long-Range
Kia,EV4 Hatchback Standard Range,170,55.0,216.0,283.0,134,340,7.4,80.0,CCS,1000.0,435.0,5,FWD,C - Medium,4430,1860,1485,Hatchback,https://ev-database.org/car/3123/Kia-EV4-Hatchback-Standard-Range
Kia,EV4 Sedan Long Range,170,78.0,216.0,283.0,124,495,7.7,105.0,CCS,1000.0,490.0,5,FWD,C - Medium,4730,1860,1480,Sedan,https://ev-database.org/car/3122/Kia-EV4-Sedan-Long-Range
Kia,EV4 Sedan Standard Range,170,55.0,216.0,283.0,128,355,7.4,80.0,CCS,1000.0,490.0,5,FWD,C - Medium,4730,1860,1480,Sedan,https://ev-database.org/car/3121/Kia-EV4-Sedan-Standard-Range
Kia,EV6 GT,260,80.0,384.0,770.0,178,385,3.5,205.0,CCS,1800.0,480.0,5,AWD,JC - Medium,4695,1890,1545,SUV,https://ev-database.org/car/3079/Kia-EV6-GT
Kia,EV6 Long Range 2WD,185,80.0,384.0,350.0,143,455,7.3,205.0,CCS,1800.0,490.0,5,RWD,JC - Medium,4695,1880,1575,SUV,https://ev-database.org/car/3028/Kia-EV6-Long-Range-2WD
Kia,EV6 Long Range AWD,185,80.0,384.0,605.0,154,440,5.2,205.0,CCS,1800.0,490.0,5,AWD,JC - Medium,4695,1880,1575,SUV,https://ev-database.org/car/3029/Kia-EV6-Long-Range-AWD
Kia,EV6 Standard Range 2WD,185,60.0,288.0,350.0,140,345,8.7,150.0,CCS,750.0,490.0,5,RWD,JC - Medium,4695,1880,1575,SUV,https://ev-database.org/car/3030/Kia-EV6-Standard-Range-2WD
Kia,EV9 76.1 kWh RWD,190,73.0,348.0,350.0,165,355,8.5,160.0,CCS,900.0,333.0,7,RWD,JF - Luxury,5010,1980,1755,SUV,https://ev-database.org/car/1833/Kia-EV9-761-kWh-RWD
Kia,EV9 99.8 kWh AWD,200,96.0,456.0,600.0,188,435,6.0,194.0,CCS,2500.0,333.0,7,AWD,JF - Luxury,5010,1980,1755,SUV,https://ev-database.org/car/1835/Kia-EV9-998-kWh-AWD
Kia,EV9 99.8 kWh AWD GT,220,96.0,456.0,740.0,190,420,4.6,194.0,CCS,2500.0,333.0,7,AWD,JF - Luxury,5015,1980,1755,SUV,https://ev-database.org/car/3196/Kia-EV9-998-kWh-AWD-GT
Kia,EV9 99.8 kWh AWD GT-Line,200,96.0,456.0,700.0,190,425,5.3,194.0,CCS,2500.0,333.0,7,AWD,JF - Luxury,5015,1980,1780,SUV,https://ev-database.org/car/1993/Kia-EV9-998-kWh-AWD-GT-Line
Kia,EV9 99.8 kWh RWD,185,96.0,456.0,350.0,171,450,9.4,194.0,CCS,900.0,333.0,7,RWD,JF - Luxury,5010,1980,1755,SUV,https://ev-database.org/car/1834/Kia-EV9-998-kWh-RWD
Kia,Niro EV,167,64.8,96.0,255.0,140,385,7.8,70.0,CCS,750.0,475.0,5,FWD,JC - Medium,4420,1825,1570,SUV,https://ev-database.org/car/1666/Kia-Niro-EV
Lancia,Ypsilon,150,48.1,96.0,260.0,122,310,8.2,80.0,CCS,0.0,309.0,5,FWD,B - Compact,4080,1760,1440,Hatchback,https://ev-database.org/car/2117/Lancia-Ypsilon
Leapmotor,C10,170,69.9,216.0,320.0,166,350,7.5,70.0,CCS,1500.0,435.0,5,RWD,JD - Large,4739,1900,1680,SUV,https://ev-database.org/car/3040/Leapmotor-C10
Leapmotor,T03,130,36.0,216.0,158.0,136,225,12.7,30.0,CCS,1000.0,210.0,4,FWD,A - Mini,3620,1652,1577,Hatchback,https://ev-database.org/car/3039/Leapmotor-T03
Lexus,RZ 300e,160,64.0,96.0,266.0,149,365,8.0,100.0,CCS,750.0,522.0,5,FWD,JC - Medium,4690,1860,1600,SUV,https://ev-database.org/car/3027/Lexus-RZ-300e
Lexus,RZ 450e,160,64.0,96.0,435.0,158,350,5.6,100.0,CCS,750.0,522.0,5,AWD,JD - Large,4805,1895,1635,SUV,https://ev-database.org/car/1677/Lexus-RZ-450e
Lexus,UX 300e,160,64.0,96.0,300.0,145,340,7.5,35.0,CHAdeMO,0.0,316.0,5,FWD,JC - Medium,4495,1840,1545,SUV,https://ev-database.org/car/1943/Lexus-UX-300e
Lotus,Eletre,250,109.0,216.0,710.0,204,495,4.5,259.0,CCS,2250.0,611.0,5,AWD,JF - Luxury,5103,2019,1630,SUV,https://ev-database.org/car/1767/Lotus-Eletre
Lotus,Eletre R,260,109.0,216.0,985.0,266,455,2.9,259.0,CCS,2250.0,611.0,5,AWD,JF - Luxury,5103,2019,1636,SUV,https://ev-database.org/car/1768/Lotus-Eletre-R
Lotus,Eletre S,250,109.0,216.0,710.0,222,480,4.5,259.0,CCS,2250.0,611.0,5,AWD,JF - Luxury,5103,2019,1630,SUV,https://ev-database.org/car/2066/Lotus-Eletre-S
Lotus,Emeya,250,98.9,216.0,710.0,198,520,4.2,240.0,CCS,2250.0,509.0,5,AWD,F - Luxury,5139,2005,1464,Liftback Sedan,https://ev-database.org/car/2141/Lotus-Emeya
Lotus,Emeya R,256,98.9,216.0,985.0,227,465,2.8,240.0,CCS,1225.0,509.0,5,AWD,F - Luxury,5139,2005,1464,Liftback Sedan,https://ev-database.org/car/2143/Lotus-Emeya-R
Lotus,Emeya S,250,98.9,216.0,710.0,198,520,4.2,240.0,CCS,2250.0,509.0,5,AWD,F - Luxury,5139,2005,1464,Liftback Sedan,https://ev-database.org/car/2142/Lotus-Emeya-S
Lucid,Air Grand Touring,270,112.0,6600.0,1200.0,143,665,3.0,184.0,CCS,0.0,456.0,5,AWD,F - Luxury,4975,1939,1410,Sedan,https://ev-database.org/car/1316/Lucid-Air-Grand-Touring
Lucid,Air Pure RWD,200,92.0,5400.0,430.0,130,565,4.7,160.0,CCS,0.0,456.0,5,RWD,F - Luxury,4975,1939,1410,Sedan,https://ev-database.org/car/2116/Lucid-Air-Pure-RWD
Lucid,Air Touring,250,92.0,5400.0,430.0,142,580,3.2,160.0,CCS,0.0,456.0,5,AWD,F - Luxury,4975,1939,1410,Sedan,https://ev-database.org/car/1317/Lucid-Air-Touring
Lynk&Co,02,180,65.0,216.0,343.0,149,370,5.5,90.0,CCS,1600.0,410.0,5,RWD,JC - Medium,4460,1845,1573,SUV,https://ev-database.org/car/3045/LynkCo-02
MG,Cyberster GT,200,74.4,216.0,725.0,168,395,3.2,85.0,CCS,1000.0,249.0,2,AWD,G - Sports,4535,1913,1329,Cabriolet,https://ev-database.org/car/2203/MG-Cyberster-GT
MG,Cyberster Trophy,195,74.4,216.0,475.0,146,425,5.0,85.0,CCS,1000.0,249.0,2,RWD,G - Sports,4535,1913,1329,Cabriolet,https://ev-database.org/car/2202/MG-Cyberster-Trophy
MG,4 Electric 51 kWh,160,50.8,104.0,250.0,145,300,7.7,68.0,CCS,500.0,363.0,5,RWD,C - Medium,4287,1836,1504,Hatchback,https://ev-database.org/car/1707/MG-MG4-Electric-51-kWh
MG,4 Electric 64 kWh,160,61.7,104.0,250.0,142,360,7.9,116.0,CCS,500.0,363.0,5,RWD,C - Medium,4287,1836,1504,Hatchback,https://ev-database.org/car/1708/MG-MG4-Electric-64-kWh
MG,4 Electric 77 kWh,180,74.4,216.0,350.0,143,425,6.5,110.0,CCS,500.0,363.0,5,RWD,C - Medium,4287,1836,1516,Hatchback,https://ev-database.org/car/1973/MG-MG4-Electric-77-kWh
MG,4 Electric XPOWER,200,61.7,104.0,600.0,160,320,3.8,116.0,CCS,500.0,363.0,5,AWD,C - Medium,4287,1836,1516,Hatchback,https://ev-database.org/car/1944/MG-MG4-Electric-XPOWER
MG,5 Electric Long Range,185,57.4,216.0,280.0,151,335,7.7,60.0,CCS,500.0,479.0,5,FWD,C - Medium,4600,1818,1543,Station/Estate,https://ev-database.org/car/1474/MG-MG5-Electric-Long-Range
MG,5 Electric Standard Range,185,46.0,216.0,280.0,148,265,7.7,53.0,CCS,500.0,479.0,5,FWD,C - Medium,4600,1818,1543,Station/Estate,https://ev-database.org/car/1646/MG-MG5-Electric-Standard-Range
MG,S5  EV 49 kWh,170,47.1,216.0,250.0,139,275,8.0,80.0,CCS,750.0,453.0,5,RWD,JC - Medium,4476,1849,1621,SUV,https://ev-database.org/car/3146/MG-MGS5--EV-49-kWh
MG,S5  EV 64 kWh,190,62.1,216.0,350.0,134,365,6.3,90.0,CCS,750.0,453.0,5,RWD,JC - Medium,4476,1849,1621,SUV,https://ev-database.org/car/3147/MG-MGS5--EV-64-kWh
MG,ZS EV Long Range,175,68.3,216.0,280.0,155,370,8.4,82.0,CCS,500.0,448.0,5,FWD,JB - Compact,4323,1809,1649,SUV,https://ev-database.org/car/1541/MG-ZS-EV-Long-Range
MG,ZS EV Standard Range,175,49.0,216.0,280.0,153,265,8.6,50.0,CCS,500.0,448.0,5,FWD,JB - Compact,4323,1809,1649,SUV,https://ev-database.org/car/1540/MG-ZS-EV-Standard-Range
Maserati,GranCabrio Folgore,290,83.0,216.0,1350.0,198,395,2.8,190.0,CCS,1000.0,151.0,4,AWD,F - Luxury,4966,1957,1365,Cabriolet,https://ev-database.org/car/2187/Maserati-GranCabrio-Folgore
Maserati,GranTurismo Folgore,325,83.0,216.0,1350.0,182,420,2.7,217.0,CCS,1000.0,270.0,4,AWD,F - Luxury,4959,1957,1353,Coupe,https://ev-database.org/car/1803/Maserati-GranTurismo-Folgore
Maserati,Grecale Folgore,220,95.0,216.0,820.0,220,400,4.1,110.0,CCS,1800.0,535.0,5,AWD,JE - Executive,4865,1948,1651,SUV,https://ev-database.org/car/1843/Maserati-Grecale-Folgore
Maxus,MIFA 9,180,84.0,216.0,350.0,195,365,9.2,103.0,CCS,1000.0,470.0,7,FWD,N - Passenger Van,5270,2000,1840,Small Passenger Van,https://ev-database.org/car/1837/Maxus-MIFA-9
Mazda,6e 68.8 kWh,175,66.0,216.0,320.0,138,390,7.6,120.0,CCS,1500.0,456.0,5,RWD,D - Large,4921,1890,1491,Liftback Sedan,https://ev-database.org/car/3107/Mazda-6e-688-kWh
Mazda,6e Long Range 80 kWh,175,75.0,216.0,320.0,136,440,7.8,70.0,CCS,1500.0,456.0,5,RWD,D - Large,4921,1890,1491,Liftback Sedan,https://ev-database.org/car/3108/Mazda-6e-Long-Range-80-kWh
Mercedes-Benz,CLA 250+,210,85.0,216.0,335.0,122,565,6.7,235.0,CCS,1500.0,405.0,5,RWD,D - Large,4723,1855,1468,Sedan,https://ev-database.org/car/3139/Mercedes-Benz-CLA-250plus
Mercedes-Benz,CLA 350 4MATIC,210,85.0,216.0,515.0,126,550,4.9,235.0,CCS,1800.0,405.0,5,AWD,D - Large,4723,1855,1468,Sedan,https://ev-database.org/car/3140/Mercedes-Benz-CLA-350-4MATIC
Mercedes-Benz,EQA 250,160,66.5,300.0,385.0,146,395,8.6,100.0,CCS,1500.0,340.0,5,FWD,JC - Medium,4463,1834,1620,SUV,https://ev-database.org/car/1984/Mercedes-Benz-EQA-250
Mercedes-Benz,EQA 250+,160,70.5,216.0,385.0,142,420,8.6,90.0,CCS,1500.0,340.0,5,FWD,JC - Medium,4463,1834,1620,SUV,https://ev-database.org/car/1985/Mercedes-Benz-EQA-250plus
Mercedes-Benz,EQA 300 4MATIC,160,66.5,300.0,390.0,162,350,7.7,100.0,CCS,1800.0,340.0,5,AWD,JC - Medium,4463,1834,1620,SUV,https://ev-database.org/car/1986/Mercedes-Benz-EQA-300-4MATIC
Mercedes-Benz,EQA 350 4MATIC,160,66.5,300.0,520.0,162,350,6.0,100.0,CCS,1800.0,340.0,5,AWD,JC - Medium,4463,1834,1620,SUV,https://ev-database.org/car/1987/Mercedes-Benz-EQA-350-4MATIC
Mercedes-Benz,EQB 250+,160,70.5,216.0,385.0,152,415,8.9,90.0,CCS,1400.0,495.0,7,FWD,JC - Medium,4684,1834,1667,SUV,https://ev-database.org/car/1988/Mercedes-Benz-EQB-250plus
Mercedes-Benz,EQB 300 4MATIC,160,66.5,300.0,390.0,168,345,8.0,100.0,CCS,1700.0,495.0,7,AWD,JC - Medium,4684,1834,1667,SUV,https://ev-database.org/car/1989/Mercedes-Benz-EQB-300-4MATIC
Mercedes-Benz,EQB 350 4MATIC,160,66.5,300.0,520.0,168,345,6.2,100.0,CCS,1700.0,495.0,7,AWD,JC - Medium,4684,1834,1667,SUV,https://ev-database.org/car/1990/Mercedes-Benz-EQB-350-4MATIC
Mercedes-Benz,EQE 300,210,89.0,216.0,550.0,163,525,7.3,120.0,CCS,750.0,430.0,5,RWD,E - Executive,4946,1906,1503,Sedan,https://ev-database.org/car/2204/Mercedes-Benz-EQE-300
Mercedes-Benz,EQE 350 4MATIC,210,90.6,360.0,765.0,173,515,6.3,141.0,CCS,1700.0,430.0,5,AWD,E - Executive,4946,1906,1503,Sedan,https://ev-database.org/car/2206/Mercedes-Benz-EQE-350-4MATIC
Mercedes-Benz,EQE 350+,210,96.0,216.0,565.0,164,555,6.5,141.0,CCS,750.0,430.0,5,RWD,E - Executive,4946,1906,1510,Sedan,https://ev-database.org/car/2205/Mercedes-Benz-EQE-350plus
Mercedes-Benz,EQE 500 4MATIC,210,90.6,360.0,858.0,173,505,4.7,141.0,CCS,1700.0,430.0,5,AWD,E - Executive,4946,1906,1503,Sedan,https://ev-database.org/car/2207/Mercedes-Benz-EQE-500-4MATIC
Mercedes-Benz,EQE AMG 43 4MATIC,210,90.6,360.0,858.0,207,450,4.2,141.0,CCS,1700.0,430.0,5,AWD,E - Executive,4964,1906,1495,Sedan,https://ev-database.org/car/2208/Mercedes-Benz-EQE-AMG-43-4MATIC
Mercedes-Benz,EQE AMG 53 4MATIC+,220,90.6,360.0,950.0,208,450,3.5,141.0,CCS,1700.0,430.0,5,AWD,E - Executive,4964,1906,1495,Sedan,https://ev-database.org/car/2209/Mercedes-Benz-EQE-AMG-53-4MATICplus
Mercedes-Benz,EQE SUV 300,210,90.6,216.0,550.0,182,450,7.6,141.0,CCS,750.0,520.0,5,RWD,JE - Executive,4863,1940,1685,SUV,https://ev-database.org/car/2045/Mercedes-Benz-EQE-SUV-300
Mercedes-Benz,EQE SUV 350 4MATIC,210,90.6,216.0,765.0,189,435,6.6,141.0,CCS,1800.0,520.0,5,AWD,JE - Executive,4863,1940,1685,SUV,https://ev-database.org/car/2047/Mercedes-Benz-EQE-SUV-350-4MATIC
Mercedes-Benz,EQE SUV 350+,210,96.0,216.0,565.0,164,475,6.9,141.0,CCS,750.0,520.0,5,RWD,JE - Executive,4863,1940,1685,SUV,https://ev-database.org/car/2046/Mercedes-Benz-EQE-SUV-350plus
Mercedes-Benz,EQE SUV 500 4MATIC,210,96.0,216.0,858.0,187,455,4.9,141.0,CCS,1800.0,520.0,5,AWD,JE - Executive,4863,1940,1685,SUV,https://ev-database.org/car/2048/Mercedes-Benz-EQE-SUV-500-4MATIC
Mercedes-Benz,EQE SUV AMG 43 4MATIC,210,90.6,360.0,858.0,214,425,4.3,141.0,CCS,1800.0,520.0,5,AWD,JE - Executive,4879,1940,1672,SUV,https://ev-database.org/car/1763/Mercedes-Benz-EQE-SUV-AMG-43-4MATIC
Mercedes-Benz,EQE SUV AMG 53 4MATIC+,240,90.6,360.0,1000.0,242,420,3.5,141.0,CCS,1800.0,520.0,5,AWD,JE - Executive,4879,1940,1672,SUV,https://ev-database.org/car/1764/Mercedes-Benz-EQE-SUV-AMG-53-4MATICplus
Mercedes-Benz,EQS 350,210,96.0,360.0,565.0,165,570,6.7,130.0,CCS,750.0,620.0,5,RWD,F - Luxury,5223,1926,1512,Sedan,https://ev-database.org/car/2155/Mercedes-Benz-EQS-350
Mercedes-Benz,EQS 450 4MATIC,210,118.0,216.0,800.0,180,655,5.7,160.0,CCS,1700.0,620.0,5,AWD,F - Luxury,5223,1926,1518,Sedan,https://ev-database.org/car/2194/Mercedes-Benz-EQS-450-4MATIC
Mercedes-Benz,EQS 450+,210,118.0,216.0,568.0,173,685,6.2,160.0,CCS,750.0,620.0,5,RWD,F - Luxury,5223,1926,1518,Sedan,https://ev-database.org/car/2193/Mercedes-Benz-EQS-450plus
Mercedes-Benz,EQS 500 4MATIC,210,118.0,216.0,828.0,180,640,4.9,160.0,CCS,1700.0,620.0,5,AWD,F - Luxury,5223,1926,1518,Sedan,https://ev-database.org/car/2195/Mercedes-Benz-EQS-500-4MATIC
Mercedes-Benz,EQS 580 4MATIC,210,118.0,216.0,858.0,180,640,4.4,160.0,CCS,1700.0,620.0,5,AWD,F - Luxury,5223,1926,1518,Sedan,https://ev-database.org/car/2196/Mercedes-Benz-EQS-580-4MATIC
Mercedes-Benz,EQS AMG 53 4MATIC+,250,118.0,216.0,1020.0,222,585,3.4,160.0,CCS,1700.0,620.0,5,AWD,F - Luxury,5223,1926,1518,Sedan,https://ev-database.org/car/2197/Mercedes-Benz-EQS-AMG-53-4MATICplus
Mercedes-Benz,EQS SUV 450 4MATIC,210,118.0,216.0,800.0,199,530,6.1,160.0,CCS,1800.0,645.0,7,AWD,JF - Luxury,5125,1959,1718,SUV,https://ev-database.org/car/2088/Mercedes-Benz-EQS-SUV-450-4MATIC
Mercedes-Benz,EQS SUV 450+,210,118.0,216.0,568.0,195,540,6.8,160.0,CCS,750.0,645.0,7,RWD,JF - Luxury,5125,1959,1718,SUV,https://ev-database.org/car/2087/Mercedes-Benz-EQS-SUV-450plus
Mercedes-Benz,EQS SUV 500 4MATIC,210,118.0,216.0,828.0,199,530,5.3,160.0,CCS,1800.0,645.0,7,AWD,JF - Luxury,5125,1959,1718,SUV,https://ev-database.org/car/2089/Mercedes-Benz-EQS-SUV-500-4MATIC
Mercedes-Benz,EQS SUV 580 4MATIC,210,118.0,216.0,858.0,199,530,4.7,160.0,CCS,1800.0,470.0,7,AWD,JF - Luxury,5125,1959,1718,SUV,https://ev-database.org/car/2090/Mercedes-Benz-EQS-SUV-580-4MATIC
Mercedes-Benz,EQS SUV Maybach 680,210,118.0,216.0,950.0,211,490,4.4,160.0,CCS,1800.0,440.0,4,AWD,JF - Luxury,5125,1959,1725,SUV,https://ev-database.org/car/2086/Mercedes-Benz-EQS-SUV-Maybach-680
Mercedes-Benz,EQT 200 Long,132,45.0,216.0,245.0,177,220,13.3,50.0,CCS,1500.0,828.0,7,FWD,N - Passenger Van,4922,1859,1811,Small Passenger Van,https://ev-database.org/car/2239/Mercedes-Benz-EQT-200-Long
Mercedes-Benz,EQT 200 Standard,132,45.0,216.0,245.0,167,225,12.6,50.0,CCS,1500.0,551.0,5,FWD,N - Passenger Van,4498,1859,1819,Small Passenger Van,https://ev-database.org/car/1908/Mercedes-Benz-EQT-200-Standard
Mercedes-Benz,EQV 250 Extra-Long,160,60.0,192.0,365.0,282,210,12.0,60.0,CCS,0.0,1410.0,7,FWD,N - Passenger Van,5370,1928,1911,Small Passenger Van,https://ev-database.org/car/2130/Mercedes-Benz-EQV-250-Extra-Long
Mercedes-Benz,EQV 250 Long,160,60.0,192.0,365.0,282,215,12.0,60.0,CCS,0.0,1030.0,7,FWD,N - Passenger Van,5140,1928,1910,Small Passenger Van,https://ev-database.org/car/2129/Mercedes-Benz-EQV-250-Long
Mercedes-Benz,EQV 300 Extra-Long,140,90.0,288.0,365.0,249,315,12.2,96.0,CCS,0.0,1410.0,7,FWD,N - Passenger Van,5370,1928,1901,Small Passenger Van,https://ev-database.org/car/2274/Mercedes-Benz-EQV-300-Extra-Long
Mercedes-Benz,EQV 300 Long,160,90.0,288.0,365.0,276,320,12.1,96.0,CCS,0.0,1030.0,7,FWD,N - Passenger Van,5140,1928,1901,Small Passenger Van,https://ev-database.org/car/2131/Mercedes-Benz-EQV-300-Long
Mercedes-Benz,G 580,180,116.0,216.0,1164.0,267,360,4.7,150.0,CCS,0.0,555.0,5,AWD,JF - Luxury,4624,1931,1986,SUV,https://ev-database.org/car/2192/Mercedes-Benz-G-580
Mercedes-Benz,eVito Tourer Extra-Long 60 kWh,160,60.0,192.0,360.0,254,215,12.0,60.0,CCS,0.0,1390.0,8,FWD,N - Passenger Van,5370,1928,1890,Small Passenger Van,https://ev-database.org/car/2139/Mercedes-Benz-eVito-Tourer-Extra-Long-60-kWh
Mercedes-Benz,eVito Tourer Long 60 kWh,160,60.0,192.0,360.0,259,220,12.0,60.0,CCS,0.0,990.0,8,FWD,N - Passenger Van,5140,1928,1890,Small Passenger Van,https://ev-database.org/car/2138/Mercedes-Benz-eVito-Tourer-Long-60-kWh
Mercedes-Benz,eVito Tourer Long 90 kWh,160,90.0,288.0,360.0,260,325,12.1,96.0,CCS,0.0,990.0,8,FWD,N - Passenger Van,5140,1928,1890,Small Passenger Van,https://ev-database.org/car/2140/Mercedes-Benz-eVito-Tourer-Long-90-kWh
Mini,Aceman E,160,38.5,216.0,290.0,129,230,7.9,60.0,CCS,750.0,300.0,5,FWD,JB - Compact,4079,1754,1514,SUV,https://ev-database.org/car/2190/Mini-Aceman-E
Mini,Aceman JCW,200,49.2,216.0,350.0,143,280,6.4,75.0,CCS,750.0,300.0,5,FWD,JB - Compact,4079,1754,1514,SUV,https://ev-database.org/car/3059/Mini-Aceman-JCW
Mini,Aceman SE,170,49.2,216.0,330.0,129,290,7.1,75.0,CCS,750.0,300.0,5,FWD,JB - Compact,4079,1754,1514,SUV,https://ev-database.org/car/2191/Mini-Aceman-SE
Mini,Cooper E,160,36.6,216.0,290.0,125,250,7.3,60.0,CCS,0.0,200.0,4,FWD,B - Compact,3858,1756,1460,Hatchback,https://ev-database.org/car/1997/Mini-Cooper-E
Mini,Cooper JCW,200,49.2,216.0,350.0,135,290,5.9,75.0,CCS,0.0,200.0,4,FWD,B - Compact,3858,1756,1460,Hatchback,https://ev-database.org/car/3058/Mini-Cooper-JCW
Mini,Cooper SE,170,49.2,216.0,330.0,127,330,6.7,75.0,CCS,0.0,200.0,4,FWD,B - Compact,3858,1756,1460,Hatchback,https://ev-database.org/car/1998/Mini-Cooper-SE
Mini,Countryman E,170,64.6,216.0,250.0,140,380,8.6,94.0,CCS,750.0,460.0,5,FWD,JC - Medium,4433,1843,1656,SUV,https://ev-database.org/car/1994/Mini-Countryman-E
Mini,Countryman SE ALL4,180,64.6,216.0,494.0,149,365,5.6,94.0,CCS,1200.0,460.0,5,AWD,JC - Medium,4433,1843,1656,SUV,https://ev-database.org/car/1995/Mini-Countryman-SE-ALL4
NIO,EL6 Long Range,200,90.0,96.0,700.0,170,435,4.5,135.0,CCS,1200.0,579.0,5,AWD,JE - Executive,4854,1995,1703,SUV,https://ev-database.org/car/1922/NIO-EL6-Long-Range
NIO,EL6 Standard Range,200,73.5,118.0,700.0,181,365,4.5,110.0,CCS,1200.0,579.0,5,AWD,JE - Executive,4854,1995,1703,SUV,https://ev-database.org/car/1921/NIO-EL6-Standard-Range
NIO,EL7 Long Range,200,90.0,96.0,850.0,185,430,3.9,100.0,CCS,2000.0,570.0,5,AWD,JF - Luxury,4912,1987,1720,SUV,https://ev-database.org/car/1789/NIO-EL7-Long-Range
NIO,EL7 Standard Range,200,73.5,118.0,850.0,198,355,3.9,110.0,CCS,2000.0,570.0,5,AWD,JF - Luxury,4912,1987,1720,SUV,https://ev-database.org/car/1788/NIO-EL7-Standard-Range
NIO,EL8 Long Range,200,90.0,96.0,850.0,185,440,4.1,190.0,CCS,2000.0,265.0,6,AWD,JF - Luxury,5099,1989,1750,SUV,https://ev-database.org/car/2223/NIO-EL8-Long-Range
NIO,EL8 Standard Range,200,73.5,118.0,850.0,196,360,4.1,110.0,CCS,2000.0,265.0,6,AWD,JF - Luxury,5099,1989,1750,SUV,https://ev-database.org/car/2222/NIO-EL8-Standard-Range
NIO,ET5 Long Range,200,90.0,96.0,700.0,167,500,4.0,100.0,CCS,1400.0,386.0,5,AWD,E - Executive,4790,1960,1499,Sedan,https://ev-database.org/car/1787/NIO-ET5-Long-Range
NIO,ET5 Standard Range,200,73.5,118.0,700.0,175,410,4.0,110.0,CCS,1400.0,386.0,5,AWD,E - Executive,4790,1960,1499,Sedan,https://ev-database.org/car/1786/NIO-ET5-Standard-Range
NIO,ET5 Touring Long Range,200,90.0,96.0,700.0,178,485,4.0,135.0,CCS,1400.0,450.0,5,AWD,E - Executive,4790,1960,1499,Station/Estate,https://ev-database.org/car/1916/NIO-ET5-Touring-Long-Range
NIO,ET5 Touring Standard Range,200,73.5,118.0,700.0,169,400,4.0,110.0,CCS,1400.0,450.0,5,AWD,E - Executive,4790,1960,1499,Station/Estate,https://ev-database.org/car/1915/NIO-ET5-Touring-Standard-Range
NIO,ET7 Long Range,200,90.0,96.0,850.0,178,505,3.8,100.0,CCS,2000.0,363.0,5,AWD,F - Luxury,5101,1987,1509,Sedan,https://ev-database.org/car/1752/NIO-ET7-Long-Range
NIO,ET7 Standard Range,200,73.5,118.0,850.0,191,415,3.8,110.0,CCS,2000.0,363.0,5,AWD,F - Luxury,5101,1987,1509,Sedan,https://ev-database.org/car/1751/NIO-ET7-Standard-Range
Nissan,Ariya 63kWh,160,63.0,216.0,300.0,175,335,7.5,90.0,CCS,750.0,468.0,5,FWD,JC - Medium,4595,1850,1660,SUV,https://ev-database.org/car/1301/Nissan-Ariya-63kWh
Nissan,Ariya 87kWh,160,87.0,216.0,300.0,169,450,7.6,110.0,CCS,750.0,468.0,5,FWD,JC - Medium,4595,1850,1660,SUV,https://ev-database.org/car/1302/Nissan-Ariya-87kWh
Nissan,Ariya e-4ORCE 87kWh - 225 kW,200,87.0,216.0,600.0,190,405,5.7,110.0,CCS,1500.0,415.0,5,AWD,JC - Medium,4595,1850,1660,SUV,https://ev-database.org/car/1304/Nissan-Ariya-e-4ORCE-87kWh---225-kW
Nissan,Ariya e-4ORCE 87kWh - 320 kW Nismo,200,87.0,216.0,600.0,209,385,5.0,110.0,CCS,1000.0,415.0,5,AWD,JC - Medium,4655,1850,1660,SUV,https://ev-database.org/car/3074/Nissan-Ariya-e-4ORCE-87kWh---320-kW-Nismo
Nissan,Townstar EV Passenger,132,45.0,216.0,245.0,158,225,12.6,50.0,CCS,1500.0,819.0,5,FWD,N - Passenger Van,4488,1860,1838,Small Passenger Van,https://ev-database.org/car/2042/Nissan-Townstar-EV-Passenger
Nissan,Townstar EV Passenger L2,130,45.0,216.0,245.0,173,220,13.3,50.0,CCS,1500.0,819.0,7,FWD,N - Passenger Van,4911,1860,1815,Small Passenger Van,https://ev-database.org/car/3084/Nissan-Townstar-EV-Passenger-L2
Omoda,E5,172,61.0,216.0,340.0,152,345,7.6,60.0,CCS,1000.0,380.0,5,FWD,JC - Medium,4424,1830,1588,SUV,https://ev-database.org/car/3046/Omoda-E5
Opel,Astra Electric,170,50.8,102.0,270.0,128,320,9.2,85.0,CCS,0.0,352.0,5,FWD,C - Medium,4374,1860,1470,Hatchback,https://ev-database.org/car/1792/Opel-Astra-Electric
Opel,Astra Sports Tourer Electric,170,50.8,102.0,270.0,123,310,9.3,85.0,CCS,0.0,516.0,5,FWD,C - Medium,4642,1860,1480,Station/Estate,https://ev-database.org/car/1793/Opel-Astra-Sports-Tourer-Electric
Opel,Combo-e Life 50 kWh,135,50.0,216.0,260.0,149,235,11.3,80.0,CCS,750.0,775.0,5,FWD,N - Passenger Van,4410,1921,1812,Small Passenger Van,https://ev-database.org/car/2161/Opel-Combo-e-Life-50-kWh
Opel,Combo-e Life XL 50 kWh,135,50.0,216.0,260.0,149,230,11.3,80.0,CCS,750.0,1050.0,7,FWD,N - Passenger Van,4760,1921,1818,Small Passenger Van,https://ev-database.org/car/2162/Opel-Combo-e-Life-XL-50-kWh
Opel,Corsa Electric 50 kWh,150,46.3,216.0,260.0,131,290,8.7,78.0,CCS,0.0,267.0,5,FWD,B - Compact,4061,1765,1435,Hatchback,https://ev-database.org/car/1941/Opel-Corsa-Electric-50-kWh
Opel,Corsa Electric 51 kWh,150,48.1,96.0,260.0,120,315,8.1,80.0,CCS,0.0,267.0,5,FWD,B - Compact,4061,1765,1435,Hatchback,https://ev-database.org/car/1942/Opel-Corsa-Electric-51-kWh
Opel,Frontera 44 kWh,140,44.0,216.0,120.0,144,245,12.1,60.0,CCS,350.0,460.0,5,FWD,JB - Compact,4385,1795,1635,SUV,https://ev-database.org/car/2238/Opel-Frontera-44-kWh
Opel,Grandland 73 kWh,170,73.0,96.0,260.0,145,365,9.0,90.0,CCS,1200.0,550.0,5,FWD,JC - Medium,4650,1934,1665,SUV,https://ev-database.org/car/3037/Opel-Grandland-73-kWh
Opel,Grandland 82 kWh,170,82.2,216.0,260.0,146,410,9.0,100.0,CCS,1200.0,550.0,5,FWD,JC - Medium,4650,1934,1665,SUV,https://ev-database.org/car/3038/Opel-Grandland-82-kWh
Opel,Mokka Electric,150,50.8,102.0,260.0,126,285,9.0,85.0,CCS,0.0,310.0,5,FWD,JB - Compact,4151,1790,1534,SUV,https://ev-database.org/car/3051/Opel-Mokka-Electric
Opel,Zafira-e Life L2 50 kWh,130,46.3,216.0,270.0,217,180,13.3,78.0,CCS,1000.0,603.0,9,FWD,N - Passenger Van,4983,1920,1890,Small Passenger Van,https://ev-database.org/car/2260/Opel-Zafira-e-Life-L2-50-kWh
Opel,Zafira-e Life L2 75 kWh,130,68.0,324.0,270.0,202,260,14.2,79.0,CCS,1000.0,603.0,9,FWD,N - Passenger Van,4983,1920,1890,Small Passenger Van,https://ev-database.org/car/2262/Opel-Zafira-e-Life-L2-75-kWh
Opel,Zafira-e Life L3 50 kWh,130,46.3,216.0,270.0,219,180,13.3,78.0,CCS,1000.0,989.0,9,FWD,N - Passenger Van,5333,1920,1890,Small Passenger Van,https://ev-database.org/car/2261/Opel-Zafira-e-Life-L3-50-kWh
Opel,Zafira-e Life L3 75 kWh,130,68.0,324.0,260.0,204,260,14.2,79.0,CCS,1000.0,989.0,9,FWD,N - Passenger Van,5333,1920,1890,Small Passenger Van,https://ev-database.org/car/2263/Opel-Zafira-e-Life-L3-75-kWh
Peugeot,e-2008 50 kWh,150,46.3,216.0,260.0,136,270,9.9,78.0,CCS,0.0,434.0,5,FWD,JB - Compact,4304,1775,1523,SUV,https://ev-database.org/car/1946/Peugeot-e-2008-50-kWh
Peugeot,e-2008 54 kWh,150,50.8,102.0,260.0,125,300,9.1,85.0,CCS,0.0,434.0,5,FWD,JB - Compact,4304,1775,1523,SUV,https://ev-database.org/car/1947/Peugeot-e-2008-54-kWh
Peugeot,e-208 50 kWh,150,46.3,216.0,260.0,132,290,9.0,78.0,CCS,0.0,265.0,5,FWD,B - Compact,4055,1765,1430,Hatchback,https://ev-database.org/car/1948/Peugeot-e-208-50-kWh
Peugeot,e-208 51 kWh,150,48.1,96.0,260.0,120,310,8.2,80.0,CCS,0.0,265.0,5,FWD,B - Compact,4055,1765,1430,Hatchback,https://ev-database.org/car/1949/Peugeot-e-208-51-kWh
Peugeot,e-3008 73 kWh,170,73.0,96.0,345.0,143,380,8.8,90.0,CCS,1250.0,588.0,5,FWD,JC - Medium,4542,1895,1641,SUV,https://ev-database.org/car/2003/Peugeot-e-3008-73-kWh
Peugeot,e-3008 73 kWh Dual Motor,170,73.0,96.0,511.0,195,375,6.4,90.0,CCS,1000.0,588.0,5,AWD,JC - Medium,4542,1895,1641,SUV,https://ev-database.org/car/2004/Peugeot-e-3008-73-kWh-Dual-Motor
Peugeot,e-3008 97 kWh Long Range,170,96.9,216.0,345.0,145,500,8.7,135.0,CCS,1200.0,588.0,5,FWD,JC - Medium,4542,1895,1641,SUV,https://ev-database.org/car/2005/Peugeot-e-3008-97-kWh-Long-Range
Peugeot,e-308,170,50.8,102.0,260.0,124,300,9.8,80.0,CCS,0.0,412.0,5,FWD,C - Medium,4367,1852,1441,Hatchback,https://ev-database.org/car/1744/Peugeot-e-308
Peugeot,e-308 SW,150,50.8,102.0,260.0,127,300,10.0,80.0,CCS,1000.0,608.0,5,FWD,C - Medium,4636,1852,1442,Station/Estate,https://ev-database.org/car/1745/Peugeot-e-308-SW
Peugeot,e-408 58 kWh,160,58.3,216.0,345.0,129,375,7.2,70.0,CCS,1000.0,471.0,5,FWD,JD - Large,4687,1859,1478,SUV,https://ev-database.org/car/3066/Peugeot-e-408-58-kWh
Peugeot,e-5008 73 kWh,170,73.0,96.0,345.0,150,370,9.7,90.0,CCS,1000.0,348.0,7,FWD,JD - Large,4791,1895,1694,SUV,https://ev-database.org/car/2149/Peugeot-e-5008-73-kWh
Peugeot,e-5008 73 kWh Dual Motor,170,73.0,96.0,511.0,203,360,7.0,90.0,CCS,1000.0,348.0,7,AWD,JD - Large,4791,1895,1694,SUV,https://ev-database.org/car/2150/Peugeot-e-5008-73-kWh-Dual-Motor
Peugeot,e-5008 97 kWh Long Range,170,96.9,216.0,345.0,152,485,9.6,135.0,CCS,1000.0,348.0,7,FWD,JD - Large,4791,1895,1694,SUV,https://ev-database.org/car/2151/Peugeot-e-5008-97-kWh-Long-Range
Peugeot,e-Rifter M 50 kWh,132,50.0,216.0,270.0,152,235,11.7,80.0,CCS,750.0,775.0,5,FWD,N - Passenger Van,4403,1921,1818,Small Passenger Van,https://ev-database.org/car/2163/Peugeot-e-Rifter-M-50-kWh
Peugeot,e-Rifter XL 50 kWh,132,50.0,216.0,270.0,153,230,11.7,80.0,CCS,750.0,1050.0,7,FWD,N - Passenger Van,4755,1921,1837,Small Passenger Van,https://ev-database.org/car/2164/Peugeot-e-Rifter-XL-50-kWh
Peugeot,e-Traveller L2 50 kWh,130,46.3,216.0,270.0,217,180,13.3,78.0,CCS,1000.0,603.0,9,FWD,N - Passenger Van,4983,1920,1890,Small Passenger Van,https://ev-database.org/car/2256/Peugeot-e-Traveller-L2-50-kWh
Peugeot,e-Traveller L2 75 kWh,130,68.0,324.0,270.0,202,260,14.2,79.0,CCS,1000.0,603.0,9,FWD,N - Passenger Van,4983,1920,1890,Small Passenger Van,https://ev-database.org/car/2258/Peugeot-e-Traveller-L2-75-kWh
Peugeot,e-Traveller L3 50 kWh,130,46.3,216.0,270.0,219,180,13.3,78.0,CCS,1000.0,989.0,9,FWD,N - Passenger Van,5333,1920,1890,Small Passenger Van,https://ev-database.org/car/2257/Peugeot-e-Traveller-L3-50-kWh
Peugeot,e-Traveller L3 75 kWh,130,68.0,324.0,270.0,204,260,14.2,79.0,CCS,1000.0,989.0,9,FWD,N - Passenger Van,5333,1920,1890,Small Passenger Van,https://ev-database.org/car/2259/Peugeot-e-Traveller-L3-75-kWh
Polestar,2 Long Range Dual Motor (MY26),205,79.0,324.0,740.0,142,455,4.5,125.0,CCS,1500.0,407.0,5,AWD,D - Large,4606,1859,1479,Liftback Sedan,https://ev-database.org/car/3152/Polestar-2-Long-Range-Dual-Motor
Polestar,2 Long Range Performance (MY26),205,79.0,324.0,740.0,142,450,4.2,125.0,CCS,1500.0,407.0,5,AWD,D - Large,4606,1859,1473,Liftback Sedan,https://ev-database.org/car/3153/Polestar-2-Long-Range-Performance
Polestar,2 Long Range Single Motor (MY26),205,79.0,324.0,490.0,130,475,6.2,125.0,CCS,1500.0,407.0,5,RWD,D - Large,4606,1859,1479,Liftback Sedan,https://ev-database.org/car/3151/Polestar-2-Long-Range-Single-Motor
Polestar,2 Standard Range Single Motor (MY26),205,67.0,216.0,490.0,129,405,6.4,110.0,CCS,1500.0,407.0,5,RWD,D - Large,4606,1859,1479,Liftback Sedan,https://ev-database.org/car/3150/Polestar-2-Standard-Range-Single-Motor
Polestar,3 Long Range Dual motor,210,107.0,204.0,840.0,183,515,5.0,150.0,CCS,2200.0,484.0,5,AWD,JE - Executive,4900,1968,1614,SUV,https://ev-database.org/car/1758/Polestar-3-Long-Range-Dual-motor
Polestar,3 Long Range Performance,210,107.0,204.0,910.0,194,495,4.7,150.0,CCS,2200.0,484.0,5,AWD,JE - Executive,4900,1968,1614,SUV,https://ev-database.org/car/1759/Polestar-3-Long-Range-Performance
Polestar,3 Long Range Single motor,180,107.0,204.0,490.0,166,530,7.8,150.0,CCS,1500.0,484.0,5,RWD,JE - Executive,4900,1968,1614,SUV,https://ev-database.org/car/2229/Polestar-3-Long-Range-Single-motor
Polestar,4 Long Range Dual Motor,200,94.0,110.0,686.0,165,485,3.8,135.0,CCS,2000.0,526.0,5,AWD,E - Executive,4839,2008,1544,Liftback Sedan,https://ev-database.org/car/1842/Polestar-4-Long-Range-Dual-Motor
Polestar,4 Long Range Single Motor,180,94.0,110.0,343.0,157,495,7.4,135.0,CCS,1500.0,526.0,5,RWD,E - Executive,4839,2008,1544,Liftback Sedan,https://ev-database.org/car/1841/Polestar-4-Long-Range-Single-Motor
Porsche,Macan 4 Electric,220,95.0,180.0,650.0,184,470,5.2,200.0,CCS,2000.0,540.0,5,AWD,JD - Large,4784,1938,1622,SUV,https://ev-database.org/car/2084/Porsche-Macan-4-Electric
Porsche,Macan 4S Electric,240,95.0,180.0,820.0,186,470,4.1,200.0,CCS,2000.0,540.0,5,AWD,JD - Large,4784,1938,1622,SUV,https://ev-database.org/car/2244/Porsche-Macan-4S-Electric
Porsche,Macan Electric,220,95.0,180.0,563.0,177,495,5.7,200.0,CCS,2000.0,540.0,5,RWD,JD - Large,4784,1938,1623,SUV,https://ev-database.org/car/2083/Porsche-Macan-Electric
Porsche,Macan Turbo Electric,260,95.0,180.0,1001.0,183,460,3.3,200.0,CCS,2000.0,480.0,5,AWD,JD - Large,4784,1938,1621,SUV,https://ev-database.org/car/2085/Porsche-Macan-Turbo-Electric
Porsche,Taycan,230,82.3,216.0,410.0,164,495,4.8,195.0,CCS,0.0,407.0,5,RWD,F - Luxury,4963,1966,1379,Sedan,https://ev-database.org/car/2098/Porsche-Taycan
Porsche,Taycan 4,230,82.3,216.0,585.0,172,490,4.6,195.0,CCS,0.0,407.0,5,AWD,F - Luxury,4963,1966,1379,Sedan,https://ev-database.org/car/3060/Porsche-Taycan-4
Porsche,Taycan 4 Cross Turismo,220,97.0,396.0,610.0,188,510,4.7,281.0,CCS,0.0,446.0,5,AWD,F - Luxury,4974,1967,1409,Station/Estate,https://ev-database.org/car/2110/Porsche-Taycan-4-Cross-Turismo
Porsche,Taycan 4 Plus,230,97.0,396.0,610.0,175,565,4.6,281.0,CCS,0.0,407.0,5,AWD,F - Luxury,4963,1966,1379,Sedan,https://ev-database.org/car/3061/Porsche-Taycan-4-Plus
Porsche,Taycan 4S,250,82.3,216.0,695.0,174,490,3.7,195.0,CCS,0.0,407.0,5,AWD,F - Luxury,4963,1966,1379,Sedan,https://ev-database.org/car/2100/Porsche-Taycan-4S
Porsche,Taycan 4S Cross Turismo,240,97.0,396.0,710.0,188,510,3.8,281.0,CCS,0.0,446.0,5,AWD,F - Luxury,4974,1967,1409,Station/Estate,https://ev-database.org/car/2111/Porsche-Taycan-4S-Cross-Turismo
Porsche,Taycan 4S Plus,250,97.0,396.0,710.0,177,565,3.7,281.0,CCS,0.0,407.0,5,AWD,F - Luxury,4963,1966,1379,Sedan,https://ev-database.org/car/2101/Porsche-Taycan-4S-Plus
Porsche,Taycan 4S Plus Sport Turismo,250,97.0,396.0,710.0,186,510,3.7,281.0,CCS,0.0,446.0,5,AWD,F - Luxury,4963,1966,1390,Station/Estate,https://ev-database.org/car/2107/Porsche-Taycan-4S-Plus-Sport-Turismo
Porsche,Taycan 4S Sport Turismo,250,82.3,216.0,695.0,183,440,3.7,195.0,CCS,0.0,446.0,5,AWD,F - Luxury,4963,1966,1390,Station/Estate,https://ev-database.org/car/2106/Porsche-Taycan-4S-Sport-Turismo
Porsche,Taycan GTS,250,97.0,396.0,790.0,176,535,3.3,281.0,CCS,0.0,366.0,5,AWD,F - Luxury,4963,1966,1381,Sedan,https://ev-database.org/car/3062/Porsche-Taycan-GTS
Porsche,Taycan GTS Sport Turismo,250,97.0,396.0,790.0,185,505,3.3,281.0,CCS,0.0,405.0,5,AWD,F - Luxury,4963,1966,1392,Station/Estate,https://ev-database.org/car/3063/Porsche-Taycan-GTS-Sport-Turismo
Porsche,Taycan Plus,230,97.0,396.0,420.0,168,575,4.8,281.0,CCS,0.0,407.0,5,RWD,F - Luxury,4963,1966,1379,Sedan,https://ev-database.org/car/2099/Porsche-Taycan-Plus
Porsche,Taycan Plus Sport Turismo,230,97.0,396.0,420.0,176,530,4.8,281.0,CCS,0.0,446.0,5,RWD,F - Luxury,4963,1966,1390,Station/Estate,https://ev-database.org/car/2105/Porsche-Taycan-Plus-Sport-Turismo
Porsche,Taycan Sport Turismo,230,82.3,216.0,410.0,173,460,4.8,195.0,CCS,0.0,446.0,5,RWD,F - Luxury,4963,1966,1390,Station/Estate,https://ev-database.org/car/2104/Porsche-Taycan-Sport-Turismo
Porsche,Taycan Turbo,260,97.0,396.0,940.0,174,535,2.7,281.0,CCS,0.0,366.0,5,AWD,F - Luxury,4963,1966,1379,Sedan,https://ev-database.org/car/2102/Porsche-Taycan-Turbo
Porsche,Taycan Turbo Cross Turismo,250,97.0,396.0,940.0,188,495,2.8,281.0,CCS,0.0,405.0,5,AWD,F - Luxury,4974,1967,1412,Station/Estate,https://ev-database.org/car/2112/Porsche-Taycan-Turbo-Cross-Turismo
Porsche,Taycan Turbo GT,290,97.0,396.0,1340.0,184,475,2.3,281.0,CCS,0.0,326.0,5,AWD,F - Luxury,4968,1966,1378,Sedan,https://ev-database.org/car/2144/Porsche-Taycan-Turbo-GT
Porsche,Taycan Turbo GT Weissach,305,97.0,396.0,1340.0,180,475,2.2,281.0,CCS,0.0,367.0,2,AWD,F - Luxury,4968,1966,1378,Sedan,https://ev-database.org/car/2145/Porsche-Taycan-Turbo-GT-Weissach
Porsche,Taycan Turbo S,260,97.0,396.0,1110.0,174,525,2.4,281.0,CCS,0.0,366.0,5,AWD,F - Luxury,4963,1966,1378,Sedan,https://ev-database.org/car/2103/Porsche-Taycan-Turbo-S
Porsche,Taycan Turbo S Cross Turismo,250,97.0,396.0,1110.0,188,485,2.5,281.0,CCS,0.0,405.0,5,AWD,F - Luxury,4974,1967,1407,Station/Estate,https://ev-database.org/car/2113/Porsche-Taycan-Turbo-S-Cross-Turismo
Porsche,Taycan Turbo S Sport Turismo,260,97.0,396.0,1110.0,183,505,2.4,281.0,CCS,0.0,405.0,5,AWD,F - Luxury,4963,1966,1388,Station/Estate,https://ev-database.org/car/2109/Porsche-Taycan-Turbo-S-Sport-Turismo
Porsche,Taycan Turbo Sport Turismo,260,97.0,396.0,940.0,184,505,2.7,281.0,CCS,0.0,405.0,5,AWD,F - Luxury,4963,1966,1392,Station/Estate,https://ev-database.org/car/2108/Porsche-Taycan-Turbo-Sport-Turismo
Renault,4 E-Tech 40kWh 120hp,150,40.0,93.0,225.0,124,245,9.2,55.0,CCS,750.0,420.0,5,FWD,JB - Compact,4143,1796,1552,SUV,https://ev-database.org/car/3126/Renault-4-E-Tech-40kWh-120hp
Renault,4 E-Tech 52kWh 150hp,150,52.0,184.0,245.0,127,315,8.2,70.0,CCS,750.0,420.0,5,FWD,JB - Compact,4143,1796,1552,SUV,https://ev-database.org/car/3127/Renault-4-E-Tech-52kWh-150hp
Renault,5 E-Tech 40kWh 120hp,150,40.0,93.0,225.0,132,250,9.0,55.0,CCS,500.0,326.0,5,FWD,B - Compact,3922,1808,1489,Hatchback,https://ev-database.org/car/2134/Renault-5-E-Tech-40kWh-120hp
Renault,5 E-Tech 40kWh 95hp,130,40.0,93.0,215.0,129,255,12.0,113.0,CCS,500.0,326.0,5,FWD,B - Compact,3922,1808,1489,Hatchback,https://ev-database.org/car/2133/Renault-5-E-Tech-40kWh-95hp
Renault,5 E-Tech 52kWh 150hp,150,52.0,184.0,245.0,129,320,8.0,70.0,CCS,500.0,326.0,5,FWD,B - Compact,3922,1808,1489,Hatchback,https://ev-database.org/car/2135/Renault-5-E-Tech-52kWh-150hp
Renault,Kangoo E-Tech Electric,135,45.0,216.0,245.0,158,225,12.6,50.0,CCS,1500.0,950.0,5,FWD,N - Passenger Van,4486,1860,1838,Small Passenger Van,https://ev-database.org/car/1802/Renault-Kangoo-E-Tech-Electric
Renault,Kangoo Grand E-Tech Electric,130,45.0,216.0,245.0,170,220,13.3,50.0,CCS,1500.0,500.0,7,FWD,N - Passenger Van,4911,1860,1815,Small Passenger Van,https://ev-database.org/car/2043/Renault-Kangoo-Grand-E-Tech-Electric
Renault,Megane E-Tech EV60 130hp (TU2025),150,60.0,288.0,250.0,125,380,10.5,88.0,CCS,500.0,440.0,5,FWD,C - Medium,4200,1860,1505,Hatchback,https://ev-database.org/car/3131/Renault-Megane-E-Tech-EV60-130hp
Renault,Megane E-Tech EV60 220hp (TU2025),160,60.0,288.0,300.0,133,380,7.4,88.0,CCS,900.0,440.0,5,FWD,C - Medium,4200,1860,1505,Hatchback,https://ev-database.org/car/3132/Renault-Megane-E-Tech-EV60-220hp
Renault,Scenic E-Tech EV60 170hp,150,60.0,192.0,280.0,144,340,8.6,75.0,CCS,1100.0,545.0,5,FWD,JC - Medium,4470,1864,1571,SUV,https://ev-database.org/car/2068/Renault-Scenic-E-Tech-EV60-170hp
Renault,Scenic E-Tech EV87 220hp,170,87.0,288.0,300.0,143,480,7.9,95.0,CCS,1100.0,545.0,5,FWD,JC - Medium,4470,1864,1571,SUV,https://ev-database.org/car/2069/Renault-Scenic-E-Tech-EV87-220hp
Rolls-Royce,Spectre,250,102.0,216.0,900.0,192,465,4.5,126.0,CCS,1000.0,380.0,4,AWD,I - Luxury,5453,2080,1559,Coupe,https://ev-database.org/car/1765/Rolls-Royce-Spectre
Skoda,Elroq 50,160,52.0,192.0,310.0,149,310,9.0,90.0,CCS,1000.0,470.0,5,RWD,JC - Medium,4488,1884,1625,SUV,https://ev-database.org/car/3031/Skoda-Elroq-50
Skoda,Elroq 60,160,59.0,216.0,310.0,149,350,8.5,110.0,CCS,1000.0,470.0,5,RWD,JC - Medium,4488,1884,1625,SUV,https://ev-database.org/car/3032/Skoda-Elroq-60
Skoda,Elroq 85,180,77.0,288.0,545.0,145,450,6.6,120.0,CCS,1000.0,470.0,5,RWD,JC - Medium,4488,1884,1625,SUV,https://ev-database.org/car/3033/Skoda-Elroq-85
Skoda,Elroq RS,180,79.0,288.0,679.0,151,450,5.4,135.0,CCS,1200.0,470.0,5,AWD,JC - Medium,4488,1884,1608,SUV,https://ev-database.org/car/3183/Skoda-Elroq-RS
Skoda,Enyaq 60,160,59.0,216.0,310.0,145,360,8.1,110.0,CCS,1000.0,585.0,5,RWD,JC - Medium,4658,1879,1622,SUV,https://ev-database.org/car/3096/Skoda-Enyaq-60
Skoda,Enyaq 85,180,77.0,288.0,545.0,141,455,6.7,120.0,CCS,1000.0,585.0,5,RWD,JC - Medium,4658,1879,1622,SUV,https://ev-database.org/car/3097/Skoda-Enyaq-85
Skoda,Enyaq 85x,180,77.0,288.0,679.0,150,450,6.7,120.0,CCS,1200.0,585.0,5,AWD,JC - Medium,4658,1879,1620,SUV,https://ev-database.org/car/3098/Skoda-Enyaq-85x
Skoda,Enyaq Coupe 60,160,59.0,216.0,310.0,141,370,8.1,110.0,CCS,1000.0,570.0,5,RWD,JC - Medium,4658,1879,1623,SUV,https://ev-database.org/car/3099/Skoda-Enyaq-Coupe-60
Skoda,Enyaq Coupe 85,180,77.0,288.0,545.0,138,470,6.7,120.0,CCS,1000.0,570.0,5,RWD,JC - Medium,4658,1879,1623,SUV,https://ev-database.org/car/3100/Skoda-Enyaq-Coupe-85
Skoda,Enyaq Coupe 85x,180,77.0,288.0,679.0,146,460,6.7,120.0,CCS,1200.0,570.0,5,AWD,JC - Medium,4658,1879,1621,SUV,https://ev-database.org/car/3101/Skoda-Enyaq-Coupe-85x
Skoda,Enyaq Coupe RS,180,79.0,288.0,679.0,143,470,5.4,135.0,CCS,1200.0,570.0,5,AWD,JC - Medium,4660,1879,1608,SUV,https://ev-database.org/car/3185/Skoda-Enyaq-Coupe-RS
Skoda,Enyaq RS,180,79.0,288.0,679.0,147,460,5.4,135.0,CCS,1200.0,585.0,5,AWD,JC - Medium,4660,1879,1607,SUV,https://ev-database.org/car/3184/Skoda-Enyaq-RS
Skywell,BE11 Long Range,150,81.0,216.0,320.0,166,390,9.6,50.0,CCS,1000.0,467.0,5,FWD,JD - Large,4720,1908,1696,SUV,https://ev-database.org/car/3065/Skywell-BE11-Long-Range
Skywell,BE11 Standard Range,150,68.0,216.0,320.0,149,330,9.6,50.0,CCS,1000.0,467.0,5,FWD,JD - Large,4720,1908,1696,SUV,https://ev-database.org/car/3064/Skywell-BE11-Standard-Range
Smart,#1 Brabus,180,62.0,216.0,584.0,155,325,3.9,100.0,CCS,1600.0,313.0,5,AWD,JB - Compact,4300,1822,1636,SUV,https://ev-database.org/car/1748/Smart-1-Brabus
Smart,#1 Premium,180,62.0,216.0,343.0,141,335,6.7,100.0,CCS,1600.0,323.0,5,RWD,JB - Compact,4270,1822,1636,SUV,https://ev-database.org/car/2053/Smart-1-Premium
Smart,#1 Pro,180,47.0,216.0,343.0,152,250,6.7,65.0,CCS,0.0,323.0,5,RWD,JB - Compact,4270,1822,1636,SUV,https://ev-database.org/car/2041/Smart-1-Pro
Smart,#1 Pro+,180,62.0,216.0,343.0,148,335,6.7,100.0,CCS,1600.0,323.0,5,RWD,JB - Compact,4270,1822,1636,SUV,https://ev-database.org/car/1667/Smart-1-Proplus
Smart,#1 Pulse,180,62.0,216.0,584.0,155,325,4.5,100.0,CCS,1600.0,313.0,5,AWD,JB - Compact,4300,1822,1636,SUV,https://ev-database.org/car/1920/Smart-1-Pulse
Smart,#1 Pure,180,47.0,216.0,343.0,152,250,6.7,65.0,CCS,0.0,323.0,5,RWD,JB - Compact,4270,1822,1636,SUV,https://ev-database.org/car/2217/Smart-1-Pure
Smart,#1 Pure+,180,62.0,216.0,343.0,148,335,6.7,100.0,CCS,1600.0,323.0,5,RWD,JB - Compact,4270,1822,1636,SUV,https://ev-database.org/car/2218/Smart-1-Pureplus
Smart,#3 Brabus,180,62.0,216.0,543.0,149,335,3.7,100.0,CCS,1600.0,370.0,5,AWD,JB - Compact,4400,1844,1556,SUV,https://ev-database.org/car/2000/Smart-3-Brabus
Smart,#3 Premium,180,62.0,216.0,343.0,136,355,5.8,110.0,CCS,1600.0,370.0,5,RWD,JB - Compact,4400,1844,1556,SUV,https://ev-database.org/car/2054/Smart-3-Premium
Smart,#3 Pro,180,47.0,216.0,343.0,145,265,5.9,65.0,CCS,0.0,370.0,5,RWD,JB - Compact,4400,1844,1556,SUV,https://ev-database.org/car/2052/Smart-3-Pro
Smart,#3 Pro+,180,62.0,216.0,343.0,143,355,5.8,110.0,CCS,1600.0,370.0,5,RWD,JB - Compact,4400,1844,1556,SUV,https://ev-database.org/car/1999/Smart-3-Proplus
Smart,#5 Brabus,210,94.0,216.0,710.0,174,450,3.8,230.0,CCS,1600.0,630.0,5,AWD,JD - Large,4695,1920,1705,SUV,https://ev-database.org/car/3179/Smart-5-Brabus
Smart,#5 Premium,200,94.0,216.0,373.0,159,465,6.5,230.0,CCS,1600.0,630.0,5,RWD,JD - Large,4695,1920,1705,SUV,https://ev-database.org/car/3143/Smart-5-Premium
Smart,#5 Pro,200,74.4,216.0,373.0,160,370,6.9,110.0,CCS,1600.0,630.0,5,RWD,JD - Large,4695,1920,1705,SUV,https://ev-database.org/car/3141/Smart-5-Pro
Smart,#5 Pro+,200,94.0,216.0,373.0,159,465,6.5,230.0,CCS,1600.0,630.0,5,RWD,JD - Large,4695,1920,1705,SUV,https://ev-database.org/car/3142/Smart-5-Proplus
Smart,#5 Pulse,200,94.0,216.0,643.0,174,455,4.9,230.0,CCS,1600.0,630.0,5,AWD,JD - Large,4695,1920,1705,SUV,https://ev-database.org/car/3144/Smart-5-Pulse
Smart,#5 Summit Edition,200,94.0,216.0,643.0,174,455,4.9,230.0,CCS,1600.0,630.0,5,AWD,JD - Large,4695,1920,1705,SUV,https://ev-database.org/car/3145/Smart-5-Summit-Edition
Subaru,Solterra AWD,160,64.0,96.0,336.0,154,320,6.9,100.0,CCS,750.0,441.0,5,AWD,JC - Medium,4690,1860,1650,SUV,https://ev-database.org/car/1567/Subaru-Solterra-AWD
Tesla,Model 3 Long Range AWD (Highland),201,75.0,4416.0,493.0,119,525,4.4,124.0,CCS,1000.0,594.0,5,AWD,D - Large,4720,1849,1441,Sedan,https://ev-database.org/car/1992/Tesla-Model-3-Long-Range-AWD
Tesla,Model 3 Long Range RWD (Highland),201,75.0,4416.0,450.0,117,545,5.2,124.0,CCS,1000.0,594.0,5,RWD,D - Large,4720,1849,1441,Sedan,https://ev-database.org/car/3034/Tesla-Model-3-Long-Range-RWD
Tesla,Model 3 Performance (Highland),262,75.0,4416.0,741.0,142,490,3.2,124.0,CCS,0.0,594.0,5,AWD,D - Large,4720,1849,1431,Sedan,https://ev-database.org/car/2188/Tesla-Model-3-Performance
Tesla,Model 3 RWD (Highland CATL LFP64),201,60.5,216.0,420.0,116,445,6.1,110.0,CCS,1000.0,594.0,5,RWD,D - Large,4720,1849,1441,Sedan,https://ev-database.org/car/3186/Tesla-Model-3-RWD
Tesla,Model S Dual Motor,250,95.0,7920.0,430.0,150,575,3.2,140.0,CCS,1600.0,709.0,5,AWD,F - Luxury,5021,1987,1431,Liftback Sedan,https://ev-database.org/car/1404/Tesla-Model-S-Dual-Motor
Tesla,Model S Plaid,282,95.0,7920.0,430.0,158,560,2.3,140.0,CCS,1600.0,709.0,5,AWD,F - Luxury,5021,1987,1431,Liftback Sedan,https://ev-database.org/car/1405/Tesla-Model-S-Plaid
Tesla,Model X Dual Motor,250,95.0,7920.0,430.0,165,485,3.9,140.0,CCS,2250.0,425.0,7,AWD,JF - Luxury,5057,1999,1680,SUV,https://ev-database.org/car/1407/Tesla-Model-X-Dual-Motor
Tesla,Model X Plaid,262,95.0,7920.0,430.0,180,465,2.7,140.0,CCS,2250.0,425.0,7,AWD,JF - Luxury,5057,1999,1680,SUV,https://ev-database.org/car/1408/Tesla-Model-X-Plaid
Tesla,Model Y Long Range AWD (Juniper),201,75.0,4416.0,493.0,132,455,4.8,124.0,CCS,1600.0,854.0,5,AWD,JD - Large,4790,1982,1624,SUV,https://ev-database.org/car/3104/Tesla-Model-Y-Long-Range-AWD
Tesla,Model Y Long Range RWD (Juniper),201,75.0,4416.0,450.0,121,470,5.6,124.0,CCS,1600.0,854.0,5,RWD,JD - Large,4790,1982,1624,SUV,https://ev-database.org/car/3120/Tesla-Model-Y-Long-Range-RWD
Tesla,Model Y RWD (Juniper),201,60.5,216.0,420.0,121,375,5.9,110.0,CCS,1600.0,854.0,5,RWD,JD - Large,4790,1982,1624,SUV,https://ev-database.org/car/3103/Tesla-Model-Y-RWD
Toyota,PROACE Verso L 75 kWh,130,68.0,324.0,260.0,204,260,13.3,79.0,CCS,1000.0,989.0,9,FWD,N - Passenger Van,5333,1920,1890,Small Passenger Van,https://ev-database.org/car/2267/Toyota-PROACE-Verso-L-75-kWh
Toyota,PROACE Verso M 50 kWh,130,46.3,216.0,260.0,217,180,12.1,78.0,CCS,1000.0,603.0,9,FWD,N - Passenger Van,4983,1920,1890,Small Passenger Van,https://ev-database.org/car/2264/Toyota-PROACE-Verso-M-50-kWh
Toyota,PROACE Verso M 75 kWh,130,68.0,324.0,260.0,202,260,13.3,79.0,CCS,1000.0,603.0,9,FWD,N - Passenger Van,4983,1920,1890,Small Passenger Van,https://ev-database.org/car/2266/Toyota-PROACE-Verso-M-75-kWh
Toyota,Proace City Verso Electric L1 50 kWh,132,50.0,216.0,260.0,149,235,11.7,80.0,CCS,750.0,775.0,5,FWD,N - Passenger Van,4403,1921,1803,Small Passenger Van,https://ev-database.org/car/2165/Toyota-Proace-City-Verso-Electric-L1-50-kWh
Toyota,Proace City Verso Electric L2 50 kWh,132,50.0,216.0,260.0,149,230,11.7,80.0,CCS,750.0,1050.0,7,FWD,N - Passenger Van,4753,1921,1814,Small Passenger Van,https://ev-database.org/car/2166/Toyota-Proace-City-Verso-Electric-L2-50-kWh
Toyota,bZ4X AWD,160,64.0,96.0,336.0,154,345,6.9,100.0,CCS,750.0,452.0,5,AWD,JC - Medium,4690,1860,1600,SUV,https://ev-database.org/car/1565/Toyota-bZ4X-AWD
Toyota,bZ4X FWD,160,64.0,96.0,265.0,145,350,7.5,100.0,CCS,750.0,452.0,5,FWD,JC - Medium,4690,1860,1600,SUV,https://ev-database.org/car/1564/Toyota-bZ4X-FWD
VinFast,VF 8 Eco Extended Range,200,87.7,216.0,500.0,186,405,5.9,120.0,CCS,1800.0,376.0,5,AWD,JD - Large,4750,1934,1667,SUV,https://ev-database.org/car/1807/VinFast-VF-8-Eco-Extended-Range
VinFast,VF 8 Plus Extended Range,200,87.7,216.0,620.0,196,400,5.5,120.0,CCS,1800.0,376.0,5,AWD,JD - Large,4750,1934,1667,SUV,https://ev-database.org/car/1809/VinFast-VF-8-Plus-Extended-Range
Volkswagen,ID. Buzz LWB GTX,160,86.0,312.0,560.0,182,350,6.5,145.0,CCS,1600.0,1340.0,7,AWD,N - Passenger Van,4960,1985,1927,Small Passenger Van,https://ev-database.org/car/2157/Volkswagen-ID-Buzz-LWB-GTX-
Volkswagen,ID. Buzz LWB Pro,160,86.0,312.0,560.0,190,370,7.9,145.0,CCS,1000.0,1340.0,7,RWD,N - Passenger Van,4962,1985,1924,Small Passenger Van,https://ev-database.org/car/2154/Volkswagen-ID-Buzz-LWB-Pro
Volkswagen,ID. Buzz NWB GTX,160,79.0,288.0,560.0,194,330,6.5,135.0,CCS,1800.0,1121.0,6,AWD,N - Passenger Van,4712,1985,1925,Small Passenger Van,https://ev-database.org/car/2156/Volkswagen-ID-Buzz-NWB-GTX
Volkswagen,ID. Buzz NWB Pro,160,79.0,288.0,560.0,187,360,7.6,135.0,CCS,1200.0,1121.0,6,RWD,N - Passenger Van,4712,1985,1927,Small Passenger Van,https://ev-database.org/car/2232/Volkswagen-ID-Buzz-NWB-Pro
Volkswagen,ID. Buzz NWB Pure,145,59.0,216.0,310.0,178,275,10.7,110.0,CCS,1000.0,1121.0,6,RWD,N - Passenger Van,4712,1985,1927,Small Passenger Van,https://ev-database.org/car/3119/Volkswagen-ID-Buzz-NWB-Pure
Volkswagen,ID.3 GTX,180,79.0,288.0,545.0,131,470,5.9,135.0,CCS,0.0,385.0,5,RWD,C - Medium,4322,1809,1538,Hatchback,https://ev-database.org/car/2152/Volkswagen-ID3-GTX
Volkswagen,ID.3 GTX Performance,200,79.0,288.0,545.0,131,465,5.6,135.0,CCS,0.0,385.0,5,RWD,C - Medium,4322,1809,1538,Hatchback,https://ev-database.org/car/2153/Volkswagen-ID3-GTX-Performance
Volkswagen,ID.3 Pro,160,59.0,216.0,310.0,136,365,7.6,110.0,CCS,0.0,385.0,5,RWD,C - Medium,4264,1809,1564,Hatchback,https://ev-database.org/car/2213/Volkswagen-ID3-Pro
Volkswagen,ID.3 Pro S,160,77.0,288.0,310.0,138,465,7.1,120.0,CCS,0.0,385.0,5,RWD,C - Medium,4264,1809,1564,Hatchback,https://ev-database.org/car/2210/Volkswagen-ID3-Pro-S
Volkswagen,ID.3 Pure,160,52.0,192.0,310.0,134,325,8.2,90.0,CCS,0.0,385.0,5,RWD,C - Medium,4264,1809,1564,Hatchback,https://ev-database.org/car/2214/Volkswagen-ID3-Pure
Volkswagen,ID.4 GTX,180,77.0,288.0,679.0,152,420,5.4,120.0,CCS,1200.0,543.0,5,AWD,JC - Medium,4584,1852,1631,SUV,https://ev-database.org/car/2030/Volkswagen-ID4-GTX
Volkswagen,ID.4 Pro,180,77.0,288.0,545.0,149,445,6.7,120.0,CCS,1000.0,543.0,5,RWD,JC - Medium,4584,1852,1631,SUV,https://ev-database.org/car/2028/Volkswagen-ID4-Pro
Volkswagen,ID.4 Pro 4MOTION,180,77.0,288.0,679.0,155,435,6.6,120.0,CCS,1200.0,543.0,5,AWD,JC - Medium,4584,1852,1631,SUV,https://ev-database.org/car/2029/Volkswagen-ID4-Pro-4MOTION
Volkswagen,ID.4 Pure,160,52.0,192.0,310.0,143,285,9.0,87.0,CCS,1000.0,543.0,5,RWD,JC - Medium,4584,1852,1640,SUV,https://ev-database.org/car/2027/Volkswagen-ID4-Pure
Volkswagen,ID.5 GTX,180,77.0,288.0,679.0,144,430,5.5,120.0,CCS,1200.0,549.0,5,AWD,JC - Medium,4599,1852,1615,SUV,https://ev-database.org/car/2033/Volkswagen-ID5-GTX
Volkswagen,ID.5 Pro,180,77.0,288.0,545.0,138,460,6.7,120.0,CCS,1000.0,549.0,5,RWD,JC - Medium,4599,1852,1615,SUV,https://ev-database.org/car/2031/Volkswagen-ID5-Pro
Volkswagen,ID.5 Pure,160,52.0,288.0,310.0,142,320,8.9,87.0,CCS,1000.0,549.0,5,RWD,JC - Medium,4599,1852,1615,SUV,https://ev-database.org/car/3080/Volkswagen-ID5-Pure
Volkswagen,ID.7 GTX,180,86.0,312.0,560.0,145,500,5.4,145.0,CCS,1200.0,532.0,5,AWD,E - Executive,4961,1862,1536,Liftback Sedan,https://ev-database.org/car/2216/Volkswagen-ID7-GTX
Volkswagen,ID.7 Pro,180,77.0,288.0,550.0,132,475,6.5,125.0,CCS,1000.0,532.0,5,RWD,E - Executive,4961,1862,1536,Liftback Sedan,https://ev-database.org/car/1839/Volkswagen-ID7-Pro
Volkswagen,ID.7 Pro S,180,86.0,312.0,550.0,133,525,6.6,145.0,CCS,1000.0,532.0,5,RWD,E - Executive,4961,1862,1536,Liftback Sedan,https://ev-database.org/car/1840/Volkswagen-ID7-Pro-S
Volkswagen,ID.7 Tourer GTX,180,86.0,312.0,560.0,147,500,5.5,145.0,CCS,1200.0,605.0,5,AWD,E - Executive,4961,1862,1536,Station/Estate,https://ev-database.org/car/2158/Volkswagen-ID7-Tourer-GTX
Volkswagen,ID.7 Tourer Pro,180,77.0,288.0,550.0,146,470,6.6,125.0,CCS,1000.0,605.0,5,RWD,E - Executive,4961,1862,1536,Station/Estate,https://ev-database.org/car/2118/Volkswagen-ID7-Tourer-Pro
Volkswagen,ID.7 Tourer Pro S,180,86.0,312.0,550.0,125,520,6.7,145.0,CCS,1000.0,605.0,5,RWD,E - Executive,4961,1862,1536,Station/Estate,https://ev-database.org/car/2119/Volkswagen-ID7-Tourer-Pro-S
Volvo,EC40 Single Motor (MY26),180,67.0,216.0,420.0,151,360,7.3,110.0,CCS,1500.0,404.0,5,RWD,JC - Medium,4440,1873,1596,SUV,https://ev-database.org/car/3154/Volvo-EC40-Single-Motor
Volvo,EC40 Single Motor ER (MY26),180,79.0,324.0,420.0,146,420,7.3,125.0,CCS,1500.0,404.0,5,RWD,JC - Medium,4440,1873,1596,SUV,https://ev-database.org/car/3155/Volvo-EC40-Single-Motor-ER
Volvo,EC40 Twin Motor (MY26),180,79.0,324.0,670.0,155,400,4.8,125.0,CCS,1800.0,404.0,5,AWD,JC - Medium,4440,1873,1596,SUV,https://ev-database.org/car/3156/Volvo-EC40-Twin-Motor
Volvo,EC40 Twin Motor Performance (MY26),180,79.0,324.0,670.0,155,400,4.6,125.0,CCS,1800.0,404.0,5,AWD,JC - Medium,4440,1873,1596,SUV,https://ev-database.org/car/3157/Volvo-EC40-Twin-Motor-Performance
Volvo,ES90 Single Motor (MY26),180,88.0,216.0,480.0,135,485,6.9,190.0,CCS,1600.0,446.0,5,RWD,F - Luxury,5000,1942,1546,Liftback Sedan,https://ev-database.org/car/3128/Volvo-ES90-Single-Motor
Volvo,ES90 Twin Motor (MY26),180,102.0,216.0,670.0,146,530,5.5,225.0,CCS,2000.0,446.0,5,AWD,F - Luxury,5000,1942,1546,Liftback Sedan,https://ev-database.org/car/3129/Volvo-ES90-Twin-Motor
Volvo,ES90 Twin Motor Performance (MY26),180,102.0,216.0,870.0,146,530,4.0,225.0,CCS,2000.0,446.0,5,AWD,F - Luxury,5000,1942,1546,Liftback Sedan,https://ev-database.org/car/3130/Volvo-ES90-Twin-Motor-Performance
Volvo,EX30 Cross Country (MY26),180,65.0,216.0,543.0,152,330,3.7,114.0,CCS,1600.0,318.0,5,AWD,JB - Compact,4233,1837,1573,SUV,https://ev-database.org/car/3118/Volvo-EX30-Cross-Country
Volvo,EX30 Single Motor (MY24-26),180,49.0,216.0,343.0,147,275,5.7,80.0,CCS,1000.0,318.0,5,RWD,JB - Compact,4233,1837,1549,SUV,https://ev-database.org/car/1909/Volvo-EX30-Single-Motor
Volvo,EX30 Single Motor ER (MY24-26),180,65.0,216.0,343.0,138,365,5.3,113.0,CCS,1600.0,318.0,5,RWD,JB - Compact,4233,1837,1549,SUV,https://ev-database.org/car/1910/Volvo-EX30-Single-Motor-ER
Volvo,EX30 Twin Motor Performance (MY24-26),180,65.0,216.0,543.0,145,340,3.6,113.0,CCS,1600.0,318.0,5,AWD,JB - Compact,4233,1837,1549,SUV,https://ev-database.org/car/1911/Volvo-EX30-Twin-Motor-Performance
Volvo,EX40 Single Motor (MY26),180,67.0,216.0,420.0,154,345,7.3,110.0,CCS,1500.0,410.0,5,RWD,JC - Medium,4440,1863,1652,SUV,https://ev-database.org/car/3158/Volvo-EX40-Single-Motor
Volvo,EX40 Single Motor ER (MY26),180,79.0,324.0,420.0,152,400,7.3,125.0,CCS,1500.0,410.0,5,RWD,JC - Medium,4440,1863,1652,SUV,https://ev-database.org/car/3159/Volvo-EX40-Single-Motor-ER
Volvo,EX40 Twin Motor (MY26),180,79.0,324.0,670.0,163,385,4.8,125.0,CCS,1800.0,410.0,5,AWD,JC - Medium,4440,1863,1652,SUV,https://ev-database.org/car/3160/Volvo-EX40-Twin-Motor
Volvo,EX40 Twin Motor Performance (MY26),180,79.0,324.0,670.0,163,385,4.6,125.0,CCS,1800.0,410.0,5,AWD,JC - Medium,4440,1863,1652,SUV,https://ev-database.org/car/3161/Volvo-EX40-Twin-Motor-Performance
Volvo,EX90 Single Motor (MY24-26),180,100.0,192.0,490.0,182,460,8.4,140.0,CCS,1200.0,310.0,7,RWD,JF - Luxury,5037,1964,1744,SUV,https://ev-database.org/car/1950/Volvo-EX90-Single-Motor
Volvo,EX90 Twin Motor (MY24-26),180,107.0,204.0,770.0,188,470,5.9,150.0,CCS,2200.0,310.0,7,AWD,JF - Luxury,5037,1964,1744,SUV,https://ev-database.org/car/1775/Volvo-EX90-Twin-Motor
Volvo,EX90 Twin Motor Performance (MY24-26),180,107.0,204.0,910.0,188,455,4.9,150.0,CCS,2200.0,310.0,7,AWD,JF - Luxury,5037,1964,1744,SUV,https://ev-database.org/car/1776/Volvo-EX90-Twin-Motor-Performance
Voyah,Free 106 kWh,200,100.0,216.0,720.0,200,480,4.4,80.0,CCS,2000.0,550.0,5,AWD,JE - Executive,4905,1950,1645,SUV,https://ev-database.org/car/2049/Voyah-Free-106-kWh
XPENG,G6 AWD Performance,200,87.5,216.0,660.0,159,475,4.1,180.0,CCS,1500.0,571.0,5,AWD,JD - Large,4753,1920,1650,SUV,https://ev-database.org/car/2183/XPENG-G6-AWD-Performance
XPENG,G6 RWD Long Range,200,87.5,216.0,440.0,154,480,6.7,180.0,CCS,1500.0,571.0,5,RWD,JD - Large,4753,1920,1650,SUV,https://ev-database.org/car/2182/XPENG-G6-RWD-Long-Range
XPENG,G6 RWD Standard Range,200,66.0,216.0,440.0,152,370,6.9,140.0,CCS,1500.0,571.0,5,RWD,JD - Large,4753,1920,1650,SUV,https://ev-database.org/car/2181/XPENG-G6-RWD-Standard-Range
XPENG,G9 AWD Performance,200,93.1,216.0,717.0,179,465,3.9,224.0,CCS,1500.0,660.0,5,AWD,JE - Executive,4891,1937,1670,SUV,https://ev-database.org/car/1826/XPENG-G9-AWD-Performance
XPENG,G9 RWD Long Range,200,93.1,216.0,430.0,163,480,6.4,224.0,CCS,1500.0,660.0,5,RWD,JE - Executive,4891,1937,1670,SUV,https://ev-database.org/car/1825/XPENG-G9-RWD-Long-Range
XPENG,G9 RWD Standard Range,200,75.8,216.0,430.0,165,395,6.4,170.0,CCS,1500.0,660.0,5,RWD,JE - Executive,4891,1937,1680,SUV,https://ev-database.org/car/1824/XPENG-G9-RWD-Standard-Range
XPENG,P7 AWD Performance,200,82.7,216.0,757.0,164,460,4.1,138.0,CCS,0.0,440.0,5,AWD,E - Executive,4888,1896,1450,Sedan,https://ev-database.org/car/1822/XPENG-P7-AWD-Performance
XPENG,P7 RWD Long Range,200,82.7,216.0,440.0,144,495,6.7,138.0,CCS,0.0,440.0,5,RWD,E - Executive,4888,1896,1450,Sedan,https://ev-database.org/car/1821/XPENG-P7-RWD-Long-Range
XPENG,P7 Wing Edition,200,82.7,216.0,757.0,164,455,4.1,138.0,CCS,0.0,440.0,5,AWD,E - Executive,4888,1896,1450,Sedan,https://ev-database.org/car/1823/XPENG-P7-Wing-Edition
Zeekr,001 Long Range RWD,200,94.0,110.0,343.0,152,505,7.2,135.0,CCS,1500.0,539.0,5,RWD,E - Executive,4955,1999,1560,Liftback Sedan,https://ev-database.org/car/1933/Zeekr-001-Long-Range-RWD
Zeekr,001 Performance AWD,200,94.0,110.0,686.0,159,480,3.8,135.0,CCS,2000.0,539.0,5,AWD,E - Executive,4955,1999,1560,Liftback Sedan,https://ev-database.org/car/1934/Zeekr-001-Performance-AWD
Zeekr,001 Privilege AWD,200,94.0,110.0,686.0,162,480,3.8,135.0,CCS,2000.0,539.0,5,AWD,E - Executive,4955,1999,1548,Liftback Sedan,https://ev-database.org/car/1935/Zeekr-001-Privilege-AWD
Zeekr,7X Long Range RWD,210,94.0,216.0,440.0,153,475,6.0,260.0,CCS,2000.0,539.0,5,RWD,JD - Large,4787,1930,1650,SUV,https://ev-database.org/car/3082/Zeekr-7X-Long-Range-RWD
Zeekr,7X Performance AWD,210,94.0,216.0,710.0,173,450,3.8,260.0,CCS,2000.0,539.0,5,AWD,JD - Large,4787,1930,1650,SUV,https://ev-database.org/car/3083/Zeekr-7X-Performance-AWD
Zeekr,7X Premium RWD,210,71.0,216.0,440.0,148,365,6.0,240.0,CCS,2000.0,539.0,5,RWD,JD - Large,4787,1930,1650,SUV,https://ev-database.org/car/3081/Zeekr-7X-Premium-RWD
Zeekr,X Core RWD (MY25),190,49.0,216.0,343.0,148,265,5.9,70.0,CCS,1600.0,362.0,5,RWD,JB - Compact,4432,1836,1566,SUV,https://ev-database.org/car/3197/Zeekr-X-Core-RWD
Zeekr,X Long Range RWD (MY25),190,65.0,216.0,343.0,146,360,5.6,114.0,CCS,1600.0,362.0,5,RWD,JB - Compact,4432,1836,1566,SUV,https://ev-database.org/car/3198/Zeekr-X-Long-Range-RWD
Zeekr,X Privilege AWD (MY25),190,65.0,216.0,543.0,153,350,3.8,114.0,CCS,1600.0,362.0,5,AWD,JB - Compact,4432,1836,1566,SUV,https://ev-database.org/car/3199/Zeekr-X-Privilege-AWD
firefly,Unknown Model,150,41.2,112.0,200.0,125,250,8.1,65.0,CCS,0.0,404.0,5,RWD,B - Compact,4003,1885,1557,Hatchback,https://ev-database.org/car/3178/firefly-firefly
